EER;FMR;FNMR;THR;GDTHR;GAngTHR;LDTHR;LAngTHR;MtiaCount;;;;;;;;;;;;
8,4722;0;0,169444444;0,04;12;30;8;30;4;;;;;;;;;;;;
8,4722;0;0,169444444;0,04;12;50;8;30;4;;;;EER;FMR;FNMR;THR;GDTHR;GAngTHR;LDTHR;LAngTHR;MtiaCount
9,0278;0;0,180555556;0,03;12;10;12;30;4;;;Maþiausias EER (FMR = 0);8,4722;0;0,169444444;0,04;12;30;8;30;4
9,3056;0;0,186111111;0,02;12;10;8;30;4;;;Maþiausias EER (FMR - bet koks);7,7778;0,002777778;0,152777778;0,02;8;30;8;30;4
9,5833;0;0,191666667;0,03;12;10;8;50;4;;;;;;;;;;;;
10,1389;0;0,202777778;0,04;8;30;12;30;4;;;Matches;total;524880;;;;;;;
10,1389;0;0,202777778;0,04;8;50;12;30;4;;;total;time;270;;;;;;;
10,2778;0;0,205555556;0,02;8;10;12;30;4;;;;;;;;;;;;
10,5556;0;0,211111111;0,03;12;10;8;30;4;;;avg time =;0,000514403;;;;;;;;
10,6944;0;0,213888889;0,02;8;10;8;50;4;;;;;;;;;;;;
10,6944;0;0,213888889;0,03;8;10;12;50;4;;;;;;;;;;;;
10,8333;0;0,216666667;0,04;12;10;12;30;4;;;;;;;;;;;;
10,9722;0;0,219444444;0,04;8;50;8;30;4;;;;;;;;;;;;
11,1111;0;0,222222222;0,02;8;10;8;30;4;;;;;;;;;;;;
11,1111;0;0,222222222;0,04;8;30;8;30;4;;;;;;;;;;;;
11,5278;0;0,230555556;0,04;12;30;12;30;8;;;;;;;;;;;;
11,5278;0;0,230555556;0,04;12;50;12;30;8;;;;;;;;;;;;
11,6667;0;0,233333333;0,04;12;10;8;50;4;;;;;;;;;;;;
12,3611;0;0,247222222;0,03;8;10;12;30;4;;;;;;;;;;;;
12,3611;0;0,247222222;0,04;12;10;8;30;4;;;;;;;;;;;;
12,6389;0;0,252777778;0,03;8;10;8;50;4;;;;;;;;;;;;
12,9167;0;0,258333333;0,03;8;50;12;50;8;;;;;;;;;;;;
13,0556;0;0,261111111;0,03;8;30;12;50;8;;;;;;;;;;;;
13,0556;0;0,261111111;0,04;12;30;8;30;8;;;;;;;;;;;;
13,0556;0;0,261111111;0,04;12;50;8;30;8;;;;;;;;;;;;
13,1944;0;0,263888889;0,04;8;10;12;50;4;;;;;;;;;;;;
13,3333;0;0,266666667;0,03;8;10;8;30;4;;;;;;;;;;;;
13,6111;0;0,272222222;0,04;8;50;12;50;8;;;;;;;;;;;;
13,75;0;0,275;0,04;8;30;12;50;8;;;;;;;;;;;;
14,1667;0;0,283333333;0,02;8;50;8;50;8;;;;;;;;;;;;
14,3056;0;0,286111111;0,02;8;30;8;50;8;;;;;;;;;;;;
14,3056;0;0,286111111;0,03;8;50;8;50;8;;;;;;;;;;;;
14,4444;0;0,288888889;0,02;12;30;4;30;4;;;;;;;;;;;;
14,4444;0;0,288888889;0,02;12;50;4;30;4;;;;;;;;;;;;
14,4444;0;0,288888889;0,03;8;30;8;50;8;;;;;;;;;;;;
14,7222;0;0,294444444;0,04;8;50;8;50;8;;;;;;;;;;;;
14,8611;0;0,297222222;0,04;8;30;8;50;8;;;;;;;;;;;;
15,1389;0;0,302777778;0,04;8;10;12;30;4;;;;;;;;;;;;
15,2778;0;0,305555556;0,03;8;30;12;30;8;;;;;;;;;;;;
15,2778;0;0,305555556;0,03;8;50;12;30;8;;;;;;;;;;;;
15,2778;0;0,305555556;0,04;8;10;8;50;4;;;;;;;;;;;;
15,5556;0;0,311111111;0,04;12;30;4;50;4;;;;;;;;;;;;
15,5556;0;0,311111111;0,04;12;50;4;50;4;;;;;;;;;;;;
15,6944;0;0,313888889;0,02;8;30;8;30;8;;;;;;;;;;;;
15,6944;0;0,313888889;0,02;8;50;8;30;8;;;;;;;;;;;;
15,6944;0;0,313888889;0,04;8;30;12;30;8;;;;;;;;;;;;
15,6944;0;0,313888889;0,04;8;50;12;30;8;;;;;;;;;;;;
15,9722;0;0,319444444;0,02;4;50;12;50;4;;;;;;;;;;;;
15,9722;0;0,319444444;0,03;8;30;8;30;8;;;;;;;;;;;;
15,9722;0;0,319444444;0,03;8;50;8;30;8;;;;;;;;;;;;
16,1111;0;0,322222222;0,02;4;30;12;50;4;;;;;;;;;;;;
16,3889;0;0,327777778;0,04;8;10;8;30;4;;;;;;;;;;;;
16,3889;0;0,327777778;0,04;12;10;12;50;8;;;;;;;;;;;;
16,6667;0;0,333333333;0,02;12;10;4;50;4;;;;;;;;;;;;
16,6667;0;0,333333333;0,04;8;30;8;30;8;;;;;;;;;;;;
16,6667;0;0,333333333;0,04;8;50;8;30;8;;;;;;;;;;;;
16,8056;0;0,336111111;0,02;8;30;4;30;4;;;;;;;;;;;;
16,8056;0;0,336111111;0,02;8;50;4;30;4;;;;;;;;;;;;
16,9444;0;0,338888889;0,02;4;50;8;50;4;;;;;;;;;;;;
16,9444;0;0,338888889;0,02;12;10;12;30;8;;;;;;;;;;;;
16,9444;0;0,338888889;0,03;12;50;4;30;4;;;;;;;;;;;;
17,0833;0;0,341666667;0,03;12;30;4;30;4;;;;;;;;;;;;
17,2222;0;0,344444444;0,02;4;30;8;50;4;;;;;;;;;;;;
17,2222;0;0,344444444;0,03;12;10;12;30;8;;;;;;;;;;;;
17,3611;0;0,347222222;0,02;4;50;12;30;4;;;;;;;;;;;;
17,5;0;0,35;0,02;4;30;12;30;4;;;;;;;;;;;;
17,6389;0;0,352777778;0,02;12;50;12;50;12;;;;;;;;;;;;
17,6389;0;0,352777778;0,03;12;10;4;50;4;;;;;;;;;;;;
17,6389;0;0,352777778;0,03;12;50;12;50;12;;;;;;;;;;;;
17,6389;0;0,352777778;0,04;12;50;12;50;12;;;;;;;;;;;;
17,7778;0;0,355555556;0,04;8;50;4;50;4;;;;;;;;;;;;
17,7778;0;0,355555556;0,04;12;10;12;30;8;;;;;;;;;;;;
17,9167;0;0,358333333;0,02;12;10;4;30;4;;;;;;;;;;;;
17,9167;0;0,358333333;0,02;12;30;12;50;12;;;;;;;;;;;;
17,9167;0;0,358333333;0,03;12;30;12;50;12;;;;;;;;;;;;
17,9167;0;0,358333333;0,04;12;30;12;50;12;;;;;;;;;;;;
18,0556;0;0,361111111;0,03;8;50;4;30;4;;;;;;;;;;;;
18,0556;0;0,361111111;0,04;8;30;4;50;4;;;;;;;;;;;;
18,0556;0;0,361111111;0,04;12;50;4;30;4;;;;;;;;;;;;
18,1944;0;0,363888889;0,02;4;30;8;30;4;;;;;;;;;;;;
18,1944;0;0,363888889;0,02;4;50;8;30;4;;;;;;;;;;;;
18,1944;0;0,363888889;0,03;8;30;4;30;4;;;;;;;;;;;;
18,1944;0;0,363888889;0,04;12;30;4;30;4;;;;;;;;;;;;
18,4722;0;0,369444444;0,02;8;10;4;50;4;;;;;;;;;;;;
18,4722;0;0,369444444;0,04;12;10;8;50;8;;;;;;;;;;;;
18,8889;0;0,377777778;0,02;12;10;8;30;8;;;;;;;;;;;;
18,8889;0;0,377777778;0,03;12;10;8;30;8;;;;;;;;;;;;
19,1667;0;0,383333333;0,02;8;10;4;30;4;;;;;;;;;;;;
19,4444;0;0,388888889;0,02;8;10;12;50;8;;;;;;;;;;;;
19,4444;0;0,388888889;0,03;4;50;12;50;4;;;;;;;;;;;;
19,4444;0;0,388888889;0,03;12;10;4;30;4;;;;;;;;;;;;
19,5833;0;0,391666667;0,03;4;30;12;50;4;;;;;;;;;;;;
19,5833;0;0,391666667;0,03;8;10;12;50;8;;;;;;;;;;;;
19,5833;0;0,391666667;0,04;12;10;8;30;8;;;;;;;;;;;;
19,7222;0;0,394444444;0,04;12;10;4;50;4;;;;;;;;;;;;
19,8611;0;0,397222222;0,02;12;50;4;50;8;;;;;;;;;;;;
19,8611;0;0,397222222;0,03;8;10;4;50;4;;;;;;;;;;;;
20;0;0,4;0,02;12;30;4;50;8;;;;;;;;;;;;
20,1389;0;0,402777778;0,02;12;50;12;30;12;;;;;;;;;;;;
20,1389;0;0,402777778;0,03;4;50;8;50;4;;;;;;;;;;;;
20,1389;0;0,402777778;0,03;12;50;12;30;12;;;;;;;;;;;;
20,1389;0;0,402777778;0,04;12;50;12;30;12;;;;;;;;;;;;
20,2778;0;0,405555556;0,02;12;30;12;30;12;;;;;;;;;;;;
20,2778;0;0,405555556;0,02;12;50;8;50;12;;;;;;;;;;;;
20,2778;0;0,405555556;0,03;4;30;8;50;4;;;;;;;;;;;;
20,2778;0;0,405555556;0,03;12;30;12;30;12;;;;;;;;;;;;
20,2778;0;0,405555556;0,03;12;50;8;50;12;;;;;;;;;;;;
20,2778;0;0,405555556;0,04;8;30;4;30;4;;;;;;;;;;;;
20,2778;0;0,405555556;0,04;8;50;4;30;4;;;;;;;;;;;;
20,2778;0;0,405555556;0,04;12;30;12;30;12;;;;;;;;;;;;
20,2778;0;0,405555556;0,04;12;50;8;50;12;;;;;;;;;;;;
20,4167;0;0,408333333;0,02;12;30;8;50;12;;;;;;;;;;;;
20,4167;0;0,408333333;0,03;4;30;12;30;4;;;;;;;;;;;;
20,4167;0;0,408333333;0,03;4;50;12;30;4;;;;;;;;;;;;
20,4167;0;0,408333333;0,03;12;30;8;50;12;;;;;;;;;;;;
20,4167;0;0,408333333;0,03;12;50;4;50;8;;;;;;;;;;;;
20,4167;0;0,408333333;0,04;12;30;8;50;12;;;;;;;;;;;;
20,5556;0;0,411111111;0,02;4;10;12;50;4;;;;;;;;;;;;
20,5556;0;0,411111111;0,04;8;10;12;50;8;;;;;;;;;;;;
20,6944;0;0,413888889;0,03;12;30;4;50;8;;;;;;;;;;;;
20,8333;0;0,416666667;0,03;4;30;8;30;4;;;;;;;;;;;;
20,8333;0;0,416666667;0,03;4;50;8;30;4;;;;;;;;;;;;
20,8333;0;0,416666667;0,03;8;10;4;30;4;;;;;;;;;;;;
21,1111;0;0,422222222;0,02;4;10;12;30;4;;;;;;;;;;;;
21,1111;0;0,422222222;0,04;12;50;4;50;8;;;;;;;;;;;;
21,25;0;0,425;0,02;4;10;8;50;4;;;;;;;;;;;;
21,25;0;0,425;0,02;8;10;12;30;8;;;;;;;;;;;;
21,25;0;0,425;0,04;12;30;4;50;8;;;;;;;;;;;;
21,3889;0;0,427777778;0,02;8;10;8;50;8;;;;;;;;;;;;
21,3889;0;0,427777778;0,03;8;10;8;50;8;;;;;;;;;;;;
21,3889;0;0,427777778;0,04;12;10;4;30;4;;;;;;;;;;;;
21,6667;0;0,433333333;0,02;4;10;8;30;4;;;;;;;;;;;;
21,6667;0;0,433333333;0,04;8;10;4;50;4;;;;;;;;;;;;
21,8056;0;0,436111111;0,03;8;10;12;30;8;;;;;;;;;;;;
22,2222;0;0,444444444;0,02;4;30;4;50;4;;;;;;;;;;;;
22,2222;0;0,444444444;0,02;4;50;4;50;4;;;;;;;;;;;;
22,2222;0;0,444444444;0,02;8;30;12;50;12;;;;;;;;;;;;
22,2222;0;0,444444444;0,02;8;50;12;50;12;;;;;;;;;;;;
22,2222;0;0,444444444;0,02;12;50;4;30;8;;;;;;;;;;;;
22,2222;0;0,444444444;0,03;8;30;12;50;12;;;;;;;;;;;;
22,2222;0;0,444444444;0,03;8;50;12;50;12;;;;;;;;;;;;
22,2222;0;0,444444444;0,04;8;30;12;50;12;;;;;;;;;;;;
22,2222;0;0,444444444;0,04;8;50;12;50;12;;;;;;;;;;;;
22,3611;0;0,447222222;0,02;12;30;4;30;8;;;;;;;;;;;;
22,3611;0;0,447222222;0,04;4;30;12;50;4;;;;;;;;;;;;
22,3611;0;0,447222222;0,04;4;50;12;50;4;;;;;;;;;;;;
22,5;0;0,45;0,02;8;50;4;50;8;;;;;;;;;;;;
22,5;0;0,45;0,02;12;50;8;30;12;;;;;;;;;;;;
22,5;0;0,45;0,03;12;50;8;30;12;;;;;;;;;;;;
22,5;0;0,45;0,04;8;10;8;50;8;;;;;;;;;;;;
22,5;0;0,45;0,04;12;50;8;30;12;;;;;;;;;;;;
22,6389;0;0,452777778;0,02;12;30;8;30;12;;;;;;;;;;;;
22,6389;0;0,452777778;0,03;12;30;8;30;12;;;;;;;;;;;;
22,6389;0;0,452777778;0,03;12;50;4;30;8;;;;;;;;;;;;
22,6389;0;0,452777778;0,04;8;10;12;30;8;;;;;;;;;;;;
22,6389;0;0,452777778;0,04;12;30;8;30;12;;;;;;;;;;;;
22,7778;0;0,455555556;0,02;8;10;8;30;8;;;;;;;;;;;;
22,7778;0;0,455555556;0,02;8;30;4;50;8;;;;;;;;;;;;
22,7778;0;0,455555556;0,03;8;50;4;50;8;;;;;;;;;;;;
22,9167;0;0,458333333;0,03;12;30;4;30;8;;;;;;;;;;;;
22,9167;0;0,458333333;0,04;12;50;4;30;8;;;;;;;;;;;;
23,0556;0;0,461111111;0,02;4;30;4;30;4;;;;;;;;;;;;
23,0556;0;0,461111111;0,02;4;50;4;30;4;;;;;;;;;;;;
23,0556;0;0,461111111;0,03;8;10;8;30;8;;;;;;;;;;;;
23,0556;0;0,461111111;0,03;8;30;4;50;8;;;;;;;;;;;;
23,0556;0;0,461111111;0,04;4;30;8;50;4;;;;;;;;;;;;
23,0556;0;0,461111111;0,04;4;50;8;50;4;;;;;;;;;;;;
23,1944;0;0,463888889;0,04;4;30;12;30;4;;;;;;;;;;;;
23,1944;0;0,463888889;0,04;4;50;12;30;4;;;;;;;;;;;;
23,1944;0;0,463888889;0,04;8;10;4;30;4;;;;;;;;;;;;
23,1944;0;0,463888889;0,04;12;30;4;30;8;;;;;;;;;;;;
23,3333;0;0,466666667;0,04;4;30;8;30;4;;;;;;;;;;;;
23,3333;0;0,466666667;0,04;4;50;8;30;4;;;;;;;;;;;;
23,3333;0;0,466666667;0,04;8;50;4;50;8;;;;;;;;;;;;
23,6111;0;0,472222222;0,03;4;10;12;50;4;;;;;;;;;;;;
23,75;0;0,475;0,02;8;30;8;50;12;;;;;;;;;;;;
23,75;0;0,475;0,02;8;50;8;50;12;;;;;;;;;;;;
23,75;0;0,475;0,03;8;30;8;50;12;;;;;;;;;;;;
23,75;0;0,475;0,03;8;50;8;50;12;;;;;;;;;;;;
23,75;0;0,475;0,04;8;30;4;50;8;;;;;;;;;;;;
23,75;0;0,475;0,04;8;30;8;50;12;;;;;;;;;;;;
23,75;0;0,475;0,04;8;50;8;50;12;;;;;;;;;;;;
24,0278;0;0,480555556;0,04;8;10;8;30;8;;;;;;;;;;;;
24,1667;0;0,483333333;0,03;4;10;8;50;4;;;;;;;;;;;;
24,3056;0;0,486111111;0,02;12;10;12;50;12;;;;;;;;;;;;
24,3056;0;0,486111111;0,03;4;10;12;30;4;;;;;;;;;;;;
24,3056;0;0,486111111;0,03;4;30;4;50;4;;;;;;;;;;;;
24,3056;0;0,486111111;0,03;4;50;4;50;4;;;;;;;;;;;;
24,3056;0;0,486111111;0,03;12;10;12;50;12;;;;;;;;;;;;
24,3056;0;0,486111111;0,04;12;10;12;50;12;;;;;;;;;;;;
24,4444;0;0,488888889;0,02;8;30;12;30;12;;;;;;;;;;;;
24,4444;0;0,488888889;0,02;8;50;12;30;12;;;;;;;;;;;;
24,4444;0;0,488888889;0,03;8;30;12;30;12;;;;;;;;;;;;
24,4444;0;0,488888889;0,03;8;50;12;30;12;;;;;;;;;;;;
24,4444;0;0,488888889;0,04;8;30;12;30;12;;;;;;;;;;;;
24,4444;0;0,488888889;0,04;8;50;12;30;12;;;;;;;;;;;;
24,5833;0;0,491666667;0,02;8;30;4;30;8;;;;;;;;;;;;
24,5833;0;0,491666667;0,02;8;50;4;30;8;;;;;;;;;;;;
24,7222;0;0,494444444;0,03;4;10;8;30;4;;;;;;;;;;;;
24,7222;0;0,494444444;0,03;8;50;4;30;8;;;;;;;;;;;;
24,8611;0;0,497222222;0,03;8;30;4;30;8;;;;;;;;;;;;
25,2778;0;0,505555556;0,02;12;10;4;50;8;;;;;;;;;;;;
25,2778;0;0,505555556;0,03;4;30;4;30;4;;;;;;;;;;;;
25,2778;0;0,505555556;0,03;4;50;4;30;4;;;;;;;;;;;;
25,4167;0;0,508333333;0,03;12;10;4;50;8;;;;;;;;;;;;
25,4167;0;0,508333333;0,04;8;30;4;30;8;;;;;;;;;;;;
25,4167;0;0,508333333;0,04;8;50;4;30;8;;;;;;;;;;;;
25,5556;0;0,511111111;0,02;4;10;4;50;4;;;;;;;;;;;;
25,5556;0;0,511111111;0,02;8;30;8;30;12;;;;;;;;;;;;
25,5556;0;0,511111111;0,02;8;50;8;30;12;;;;;;;;;;;;
25,5556;0;0,511111111;0,03;8;30;8;30;12;;;;;;;;;;;;
25,5556;0;0,511111111;0,03;8;50;8;30;12;;;;;;;;;;;;
25,6944;0;0,513888889;0,02;12;10;12;30;12;;;;;;;;;;;;
25,6944;0;0,513888889;0,03;12;10;12;30;12;;;;;;;;;;;;
25,6944;0;0,513888889;0,04;8;30;8;30;12;;;;;;;;;;;;
25,6944;0;0,513888889;0,04;8;50;8;30;12;;;;;;;;;;;;
25,6944;0;0,513888889;0,04;12;10;12;30;12;;;;;;;;;;;;
25,8333;0;0,516666667;0,02;12;30;12;10;4;;;;;;;;;;;;
25,8333;0;0,516666667;0,02;12;50;12;10;4;;;;;;;;;;;;
25,9722;0;0,519444444;0,02;12;10;8;50;12;;;;;;;;;;;;
25,9722;0;0,519444444;0,02;12;10;12;10;4;;;;;;;;;;;;
25,9722;0;0,519444444;0,03;12;10;8;50;12;;;;;;;;;;;;
25,9722;0;0,519444444;0,04;12;10;4;50;8;;;;;;;;;;;;
25,9722;0;0,519444444;0,04;12;10;8;50;12;;;;;;;;;;;;
26,1111;0;0,522222222;0,02;4;10;4;30;4;;;;;;;;;;;;
26,3889;0;0,527777778;0,04;4;10;12;50;4;;;;;;;;;;;;
26,5278;0;0,530555556;0,02;8;30;12;10;4;;;;;;;;;;;;
26,5278;0;0,530555556;0,02;8;50;12;10;4;;;;;;;;;;;;
26,6667;0;0,533333333;0,02;12;30;8;10;4;;;;;;;;;;;;
26,6667;0;0,533333333;0,02;12;50;8;10;4;;;;;;;;;;;;
26,8056;0;0,536111111;0,02;4;50;12;50;8;;;;;;;;;;;;
26,8056;0;0,536111111;0,02;8;10;12;10;4;;;;;;;;;;;;
26,9444;0;0,538888889;0,02;4;30;12;50;8;;;;;;;;;;;;
26,9444;0;0,538888889;0,02;8;30;8;10;4;;;;;;;;;;;;
26,9444;0;0,538888889;0,02;8;50;8;10;4;;;;;;;;;;;;
26,9444;0;0,538888889;0,02;12;10;8;10;4;;;;;;;;;;;;
26,9444;0;0,538888889;0,02;12;10;8;30;12;;;;;;;;;;;;
26,9444;0;0,538888889;0,03;12;10;8;30;12;;;;;;;;;;;;
26,9444;0;0,538888889;0,04;4;30;4;50;4;;;;;;;;;;;;
26,9444;0;0,538888889;0,04;4;50;4;50;4;;;;;;;;;;;;
27,0833;0;0,541666667;0,02;12;10;4;30;8;;;;;;;;;;;;
27,0833;0;0,541666667;0,04;4;10;8;50;4;;;;;;;;;;;;
27,0833;0;0,541666667;0,04;12;10;8;30;12;;;;;;;;;;;;
27,3611;0;0,547222222;0,02;8;10;4;50;8;;;;;;;;;;;;
27,3611;0;0,547222222;0,03;12;10;4;30;8;;;;;;;;;;;;
27,3611;0;0,547222222;0,04;4;10;12;30;4;;;;;;;;;;;;
27,5;0;0,55;0,02;8;10;8;10;4;;;;;;;;;;;;
27,6389;0;0,552777778;0,02;4;30;12;30;8;;;;;;;;;;;;
27,6389;0;0,552777778;0,02;4;50;12;30;8;;;;;;;;;;;;
27,6389;0;0,552777778;0,03;12;30;12;10;4;;;;;;;;;;;;
27,6389;0;0,552777778;0,03;12;50;12;10;4;;;;;;;;;;;;
27,6389;0;0,552777778;0,04;4;30;4;30;4;;;;;;;;;;;;
27,6389;0;0,552777778;0,04;4;50;4;30;4;;;;;;;;;;;;
27,6389;0;0,552777778;0,04;12;10;4;30;8;;;;;;;;;;;;
27,7778;0;0,555555556;0,03;4;10;4;50;4;;;;;;;;;;;;
27,7778;0;0,555555556;0,03;8;10;4;50;8;;;;;;;;;;;;
27,7778;0;0,555555556;0,04;4;10;8;30;4;;;;;;;;;;;;
27,9167;0;0,558333333;0,02;4;50;8;50;8;;;;;;;;;;;;
27,9167;0;0,558333333;0,02;12;30;4;50;12;;;;;;;;;;;;
27,9167;0;0,558333333;0,02;12;50;4;50;12;;;;;;;;;;;;
27,9167;0;0,558333333;0,03;4;50;12;50;8;;;;;;;;;;;;
27,9167;0;0,558333333;0,03;12;10;12;10;4;;;;;;;;;;;;
27,9167;0;0,558333333;0,03;12;30;4;50;12;;;;;;;;;;;;
27,9167;0;0,558333333;0,03;12;50;4;50;12;;;;;;;;;;;;
28,0556;0;0,561111111;0,03;4;30;12;50;8;;;;;;;;;;;;
28,0556;0;0,561111111;0,04;8;10;4;50;8;;;;;;;;;;;;
28,0556;0;0,561111111;0,04;12;30;4;50;12;;;;;;;;;;;;
28,0556;0;0,561111111;0,04;12;50;4;50;12;;;;;;;;;;;;
28,1944;0;0,563888889;0,02;4;30;8;50;8;;;;;;;;;;;;
28,3333;0;0,566666667;0,02;8;10;4;30;8;;;;;;;;;;;;
28,4722;0;0,569444444;0,02;4;30;8;30;8;;;;;;;;;;;;
28,4722;0;0,569444444;0,02;4;50;8;30;8;;;;;;;;;;;;
28,4722;0;0,569444444;0,02;8;10;12;50;12;;;;;;;;;;;;
28,4722;0;0,569444444;0,03;4;10;4;30;4;;;;;;;;;;;;
28,4722;0;0,569444444;0,03;8;10;12;50;12;;;;;;;;;;;;
28,4722;0;0,569444444;0,03;12;30;8;10;4;;;;;;;;;;;;
28,4722;0;0,569444444;0,03;12;50;8;10;4;;;;;;;;;;;;
28,4722;0;0,569444444;0,04;8;10;12;50;12;;;;;;;;;;;;
28,6111;0;0,572222222;0,03;8;30;12;10;4;;;;;;;;;;;;
28,6111;0;0,572222222;0,03;8;50;12;10;4;;;;;;;;;;;;
28,6111;0;0,572222222;0,03;12;10;8;10;4;;;;;;;;;;;;
28,75;0;0,575;0,02;8;10;8;50;12;;;;;;;;;;;;
28,75;0;0,575;0,03;4;30;12;30;8;;;;;;;;;;;;
28,75;0;0,575;0,03;4;50;8;50;8;;;;;;;;;;;;
28,75;0;0,575;0,03;4;50;12;30;8;;;;;;;;;;;;
28,75;0;0,575;0,03;8;10;8;50;12;;;;;;;;;;;;
28,75;0;0,575;0,04;8;10;8;50;12;;;;;;;;;;;;
28,8889;0;0,577777778;0,03;4;30;8;50;8;;;;;;;;;;;;
28,8889;0;0,577777778;0,03;8;10;4;30;8;;;;;;;;;;;;
29,0278;0;0,580555556;0,02;8;10;12;30;12;;;;;;;;;;;;
29,0278;0;0,580555556;0,03;4;30;8;30;8;;;;;;;;;;;;
29,0278;0;0,580555556;0,03;4;50;8;30;8;;;;;;;;;;;;
29,0278;0;0,580555556;0,03;8;10;12;30;12;;;;;;;;;;;;
29,0278;0;0,580555556;0,03;8;30;8;10;4;;;;;;;;;;;;
29,0278;0;0,580555556;0,03;8;50;8;10;4;;;;;;;;;;;;
29,0278;0;0,580555556;0,04;8;10;12;30;12;;;;;;;;;;;;
29,1667;0;0,583333333;0,03;8;10;12;10;4;;;;;;;;;;;;
29,3056;0;0,586111111;0,04;4;30;12;50;8;;;;;;;;;;;;
29,3056;0;0,586111111;0,04;4;50;12;50;8;;;;;;;;;;;;
29,4444;0;0,588888889;0,04;8;10;4;30;8;;;;;;;;;;;;
29,5833;0;0,591666667;0,03;8;10;8;10;4;;;;;;;;;;;;
29,7222;0;0,594444444;0,02;8;10;8;30;12;;;;;;;;;;;;
29,7222;0;0,594444444;0,03;8;10;8;30;12;;;;;;;;;;;;
29,7222;0;0,594444444;0,04;4;30;8;50;8;;;;;;;;;;;;
29,7222;0;0,594444444;0,04;4;30;12;30;8;;;;;;;;;;;;
29,7222;0;0,594444444;0,04;4;50;8;50;8;;;;;;;;;;;;
29,7222;0;0,594444444;0,04;4;50;12;30;8;;;;;;;;;;;;
29,7222;0;0,594444444;0,04;8;10;8;30;12;;;;;;;;;;;;
29,7222;0;0,594444444;0,04;12;30;12;10;4;;;;;;;;;;;;
29,7222;0;0,594444444;0,04;12;50;12;10;4;;;;;;;;;;;;
29,8611;0;0,597222222;0,04;4;30;8;30;8;;;;;;;;;;;;
29,8611;0;0,597222222;0,04;4;50;8;30;8;;;;;;;;;;;;
30;0;0,6;0,02;8;50;4;50;12;;;;;;;;;;;;
30;0;0,6;0,02;12;50;4;30;12;;;;;;;;;;;;
30;0;0,6;0,03;8;50;4;50;12;;;;;;;;;;;;
30;0;0,6;0,03;12;50;4;30;12;;;;;;;;;;;;
30;0;0,6;0,04;4;10;4;50;4;;;;;;;;;;;;
30;0;0,6;0,04;12;50;4;30;12;;;;;;;;;;;;
30,1389;0;0,602777778;0,02;12;30;4;30;12;;;;;;;;;;;;
30,1389;0;0,602777778;0,03;12;30;4;30;12;;;;;;;;;;;;
30,1389;0;0,602777778;0,04;8;50;4;50;12;;;;;;;;;;;;
30,1389;0;0,602777778;0,04;12;10;12;10;4;;;;;;;;;;;;
30,1389;0;0,602777778;0,04;12;30;4;30;12;;;;;;;;;;;;
30,2778;0;0,605555556;0,02;8;30;4;50;12;;;;;;;;;;;;
30,2778;0;0,605555556;0,03;8;30;4;50;12;;;;;;;;;;;;
30,2778;0;0,605555556;0,04;4;10;4;30;4;;;;;;;;;;;;
30,2778;0;0,605555556;0,04;12;30;8;10;4;;;;;;;;;;;;
30,2778;0;0,605555556;0,04;12;50;8;10;4;;;;;;;;;;;;
30,4167;0;0,608333333;0,04;8;30;4;50;12;;;;;;;;;;;;
30,6944;0;0,613888889;0,02;4;30;4;50;8;;;;;;;;;;;;
30,6944;0;0,613888889;0,02;4;50;4;50;8;;;;;;;;;;;;
30,8333;0;0,616666667;0,04;12;10;8;10;4;;;;;;;;;;;;
30,9722;0;0,619444444;0,02;4;10;12;50;8;;;;;;;;;;;;
31,25;0;0,625;0,02;4;10;8;50;8;;;;;;;;;;;;
31,25;0;0,625;0,02;4;10;12;30;8;;;;;;;;;;;;
31,3889;0;0,627777778;0,03;4;30;4;50;8;;;;;;;;;;;;
31,3889;0;0,627777778;0,03;4;50;4;50;8;;;;;;;;;;;;
31,3889;0;0,627777778;0,04;8;10;12;10;4;;;;;;;;;;;;
31,3889;0;0,627777778;0,04;8;30;12;10;4;;;;;;;;;;;;
31,3889;0;0,627777778;0,04;8;50;12;10;4;;;;;;;;;;;;
31,5278;0;0,630555556;0,02;4;30;4;30;8;;;;;;;;;;;;
31,5278;0;0,630555556;0,02;4;30;12;10;4;;;;;;;;;;;;
31,5278;0;0,630555556;0,02;4;50;4;30;8;;;;;;;;;;;;
31,5278;0;0,630555556;0,02;4;50;12;10;4;;;;;;;;;;;;
31,5278;0;0,630555556;0,02;8;30;4;30;12;;;;;;;;;;;;
31,5278;0;0,630555556;0,02;8;50;4;30;12;;;;;;;;;;;;
31,5278;0;0,630555556;0,03;8;30;4;30;12;;;;;;;;;;;;
31,5278;0;0,630555556;0,03;8;50;4;30;12;;;;;;;;;;;;
31,6667;0;0,633333333;0,02;4;10;8;30;8;;;;;;;;;;;;
31,6667;0;0,633333333;0,02;4;10;12;10;4;;;;;;;;;;;;
31,6667;0;0,633333333;0,02;4;30;8;10;4;;;;;;;;;;;;
31,6667;0;0,633333333;0,02;4;50;8;10;4;;;;;;;;;;;;
31,6667;0;0,633333333;0,02;12;10;4;50;12;;;;;;;;;;;;
31,6667;0;0,633333333;0,03;4;10;12;50;8;;;;;;;;;;;;
31,6667;0;0,633333333;0,03;12;10;4;50;12;;;;;;;;;;;;
31,6667;0;0,633333333;0,04;12;10;4;50;12;;;;;;;;;;;;
31,8056;0;0,636111111;0,02;4;10;8;10;4;;;;;;;;;;;;
31,8056;0;0,636111111;0,04;8;10;8;10;4;;;;;;;;;;;;
31,8056;0;0,636111111;0,04;8;30;4;30;12;;;;;;;;;;;;
31,8056;0;0,636111111;0,04;8;30;8;10;4;;;;;;;;;;;;
31,8056;0;0,636111111;0,04;8;50;4;30;12;;;;;;;;;;;;
31,8056;0;0,636111111;0,04;8;50;8;10;4;;;;;;;;;;;;
31,9444;0;0,638888889;0,02;12;10;4;10;4;;;;;;;;;;;;
31,9444;0;0,638888889;0,02;12;30;4;10;4;;;;;;;;;;;;
31,9444;0;0,638888889;0,02;12;50;4;10;4;;;;;;;;;;;;
31,9444;0;0,638888889;0,03;4;10;8;50;8;;;;;;;;;;;;
31,9444;0;0,638888889;0,03;4;10;12;30;8;;;;;;;;;;;;
32,0833;0;0,641666667;0,02;8;30;4;10;4;;;;;;;;;;;;
32,0833;0;0,641666667;0,02;8;50;4;10;4;;;;;;;;;;;;
32,0833;0;0,641666667;0,02;12;10;4;30;12;;;;;;;;;;;;
32,0833;0;0,641666667;0,02;12;30;12;10;8;;;;;;;;;;;;
32,0833;0;0,641666667;0,02;12;50;12;10;8;;;;;;;;;;;;
32,0833;0;0,641666667;0,03;4;30;4;30;8;;;;;;;;;;;;
32,0833;0;0,641666667;0,03;4;50;4;30;8;;;;;;;;;;;;
32,0833;0;0,641666667;0,03;12;10;4;30;12;;;;;;;;;;;;
32,2222;0;0,644444444;0,02;8;10;4;10;4;;;;;;;;;;;;
32,2222;0;0,644444444;0,02;12;10;12;10;8;;;;;;;;;;;;
32,2222;0;0,644444444;0,04;12;10;4;30;12;;;;;;;;;;;;
32,3611;0;0,647222222;0,02;8;30;12;10;8;;;;;;;;;;;;
32,3611;0;0,647222222;0,02;8;50;12;10;8;;;;;;;;;;;;
32,3611;0;0,647222222;0,03;4;10;8;30;8;;;;;;;;;;;;
32,3611;0;0,647222222;0,04;4;30;4;50;8;;;;;;;;;;;;
32,3611;0;0,647222222;0,04;4;50;4;50;8;;;;;;;;;;;;
32,6389;0;0,652777778;0,02;12;30;8;10;8;;;;;;;;;;;;
32,6389;0;0,652777778;0,02;12;50;8;10;8;;;;;;;;;;;;
32,7778;0;0,655555556;0,03;12;30;12;10;8;;;;;;;;;;;;
32,7778;0;0,655555556;0,03;12;50;12;10;8;;;;;;;;;;;;
32,9167;0;0,658333333;0,02;8;10;12;10;8;;;;;;;;;;;;
32,9167;0;0,658333333;0,02;8;30;8;10;8;;;;;;;;;;;;
32,9167;0;0,658333333;0,02;8;50;8;10;8;;;;;;;;;;;;
32,9167;0;0,658333333;0,02;12;10;8;10;8;;;;;;;;;;;;
32,9167;0;0,658333333;0,03;12;30;4;10;4;;;;;;;;;;;;
32,9167;0;0,658333333;0,03;12;50;4;10;4;;;;;;;;;;;;
32,9167;0;0,658333333;0,04;4;10;12;50;8;;;;;;;;;;;;
33,0556;0;0,661111111;0,03;12;10;4;10;4;;;;;;;;;;;;
33,0556;0;0,661111111;0,03;12;10;12;10;8;;;;;;;;;;;;
33,1944;0;0,663888889;0,03;4;10;12;10;4;;;;;;;;;;;;
33,1944;0;0,663888889;0,03;4;30;12;10;4;;;;;;;;;;;;
33,1944;0;0,663888889;0,03;4;50;12;10;4;;;;;;;;;;;;
33,1944;0;0,663888889;0,04;4;10;8;50;8;;;;;;;;;;;;
33,1944;0;0,663888889;0,04;4;10;12;30;8;;;;;;;;;;;;
33,1944;0;0,663888889;0,04;4;30;4;30;8;;;;;;;;;;;;
33,1944;0;0,663888889;0,04;4;50;4;30;8;;;;;;;;;;;;
33,3333;0;0,666666667;0,02;8;10;4;50;12;;;;;;;;;;;;
33,3333;0;0,666666667;0,03;4;10;8;10;4;;;;;;;;;;;;
33,3333;0;0,666666667;0,03;4;30;8;10;4;;;;;;;;;;;;
33,3333;0;0,666666667;0,03;4;50;8;10;4;;;;;;;;;;;;
33,3333;0;0,666666667;0,03;8;10;4;10;4;;;;;;;;;;;;
33,3333;0;0,666666667;0,03;8;10;4;50;12;;;;;;;;;;;;
33,3333;0;0,666666667;0,03;8;30;4;10;4;;;;;;;;;;;;
33,3333;0;0,666666667;0,03;8;30;12;10;8;;;;;;;;;;;;
33,3333;0;0,666666667;0,03;8;50;4;10;4;;;;;;;;;;;;
33,3333;0;0,666666667;0,03;8;50;12;10;8;;;;;;;;;;;;
33,4722;0;0,669444444;0,02;4;10;4;50;8;;;;;;;;;;;;
33,4722;0;0,669444444;0,04;8;10;4;50;12;;;;;;;;;;;;
33,4722;0;0,669444444;0,04;12;30;12;10;8;;;;;;;;;;;;
33,4722;0;0,669444444;0,04;12;50;12;10;8;;;;;;;;;;;;
33,6111;0;0,672222222;0,02;4;10;4;10;4;;;;;;;;;;;;
33,6111;0;0,672222222;0,02;4;30;4;10;4;;;;;;;;;;;;
33,6111;0;0,672222222;0,02;4;50;4;10;4;;;;;;;;;;;;
33,6111;0;0,672222222;0,02;8;10;8;10;8;;;;;;;;;;;;
33,6111;0;0,672222222;0,03;12;30;8;10;8;;;;;;;;;;;;
33,6111;0;0,672222222;0,03;12;50;8;10;8;;;;;;;;;;;;
33,75;0;0,675;0,02;4;10;4;30;8;;;;;;;;;;;;
33,75;0;0,675;0,02;8;10;4;30;12;;;;;;;;;;;;
33,75;0;0,675;0,03;8;10;4;30;12;;;;;;;;;;;;
33,75;0;0,675;0,03;12;10;8;10;8;;;;;;;;;;;;
33,75;0;0,675;0,04;4;10;8;30;8;;;;;;;;;;;;
33,75;0;0,675;0,04;8;10;4;30;12;;;;;;;;;;;;
33,8889;0;0,677777778;0,03;8;10;12;10;8;;;;;;;;;;;;
33,8889;0;0,677777778;0,03;8;30;8;10;8;;;;;;;;;;;;
33,8889;0;0,677777778;0,03;8;50;8;10;8;;;;;;;;;;;;
34,0278;0;0,680555556;0,03;4;10;4;50;8;;;;;;;;;;;;
34,0278;0;0,680555556;0,04;12;10;12;10;8;;;;;;;;;;;;
34,0278;0;0,680555556;0,04;12;30;8;10;8;;;;;;;;;;;;
34,0278;0;0,680555556;0,04;12;50;8;10;8;;;;;;;;;;;;
34,3056;0;0,686111111;0,03;8;10;8;10;8;;;;;;;;;;;;
34,4444;0;0,688888889;0,02;4;30;12;30;12;;;;;;;;;;;;
34,4444;0;0,688888889;0,02;4;50;12;30;12;;;;;;;;;;;;
34,4444;0;0,688888889;0,03;4;10;4;30;8;;;;;;;;;;;;
34,4444;0;0,688888889;0,03;4;30;12;30;12;;;;;;;;;;;;
34,4444;0;0,688888889;0,03;4;50;12;30;12;;;;;;;;;;;;
34,4444;0;0,688888889;0,04;8;30;12;10;8;;;;;;;;;;;;
34,4444;0;0,688888889;0,04;8;50;12;10;8;;;;;;;;;;;;
34,4444;0;0,688888889;0,04;12;10;4;10;4;;;;;;;;;;;;
34,4444;0;0,688888889;0,04;12;30;4;10;4;;;;;;;;;;;;
34,4444;0;0,688888889;0,04;12;50;4;10;4;;;;;;;;;;;;
34,5833;0;0,691666667;0,04;4;30;12;30;12;;;;;;;;;;;;
34,5833;0;0,691666667;0,04;4;50;12;30;12;;;;;;;;;;;;
34,5833;0;0,691666667;0,04;8;10;4;10;4;;;;;;;;;;;;
34,5833;0;0,691666667;0,04;8;30;4;10;4;;;;;;;;;;;;
34,5833;0;0,691666667;0,04;8;50;4;10;4;;;;;;;;;;;;
34,5833;0;0,691666667;0,04;12;10;8;10;8;;;;;;;;;;;;
34,7222;0;0,694444444;0,03;4;10;4;10;4;;;;;;;;;;;;
34,7222;0;0,694444444;0,03;4;30;4;10;4;;;;;;;;;;;;
34,7222;0;0,694444444;0,03;4;50;4;10;4;;;;;;;;;;;;
34,7222;0;0,694444444;0,04;4;10;4;50;8;;;;;;;;;;;;
34,7222;0;0,694444444;0,04;8;10;12;10;8;;;;;;;;;;;;
34,8611;0;0,697222222;0,04;8;30;8;10;8;;;;;;;;;;;;
34,8611;0;0,697222222;0,04;8;50;8;10;8;;;;;;;;;;;;
35;0;0,7;0,02;4;30;8;30;12;;;;;;;;;;;;
35;0;0,7;0,02;4;30;8;50;12;;;;;;;;;;;;
35;0;0,7;0,02;4;30;12;50;12;;;;;;;;;;;;
35;0;0,7;0,02;4;50;8;30;12;;;;;;;;;;;;
35;0;0,7;0,02;4;50;8;50;12;;;;;;;;;;;;
35;0;0,7;0,02;4;50;12;50;12;;;;;;;;;;;;
35;0;0,7;0,03;4;30;8;30;12;;;;;;;;;;;;
35;0;0,7;0,03;4;30;8;50;12;;;;;;;;;;;;
35;0;0,7;0,03;4;30;12;50;12;;;;;;;;;;;;
35;0;0,7;0,03;4;50;8;30;12;;;;;;;;;;;;
35;0;0,7;0,03;4;50;8;50;12;;;;;;;;;;;;
35;0;0,7;0,03;4;50;12;50;12;;;;;;;;;;;;
35;0;0,7;0,04;4;10;4;30;8;;;;;;;;;;;;
35;0;0,7;0,04;4;10;12;10;4;;;;;;;;;;;;
35;0;0,7;0,04;4;30;12;10;4;;;;;;;;;;;;
35;0;0,7;0,04;4;50;12;10;4;;;;;;;;;;;;
35,1389;0;0,702777778;0,04;4;10;8;10;4;;;;;;;;;;;;
35,1389;0;0,702777778;0,04;4;30;8;10;4;;;;;;;;;;;;
35,1389;0;0,702777778;0,04;4;30;8;30;12;;;;;;;;;;;;
35,1389;0;0,702777778;0,04;4;30;8;50;12;;;;;;;;;;;;
35,1389;0;0,702777778;0,04;4;30;12;50;12;;;;;;;;;;;;
35,1389;0;0,702777778;0,04;4;50;8;10;4;;;;;;;;;;;;
35,1389;0;0,702777778;0,04;4;50;8;30;12;;;;;;;;;;;;
35,1389;0;0,702777778;0,04;4;50;8;50;12;;;;;;;;;;;;
35,1389;0;0,702777778;0,04;4;50;12;50;12;;;;;;;;;;;;
35,1389;0;0,702777778;0,04;8;10;8;10;8;;;;;;;;;;;;
35,2778;0;0,705555556;0,02;12;30;4;10;8;;;;;;;;;;;;
35,2778;0;0,705555556;0,02;12;50;4;10;8;;;;;;;;;;;;
35,4167;0;0,708333333;0,02;8;30;4;10;8;;;;;;;;;;;;
35,4167;0;0,708333333;0,02;8;50;4;10;8;;;;;;;;;;;;
35,5556;0;0,711111111;0,02;12;10;4;10;8;;;;;;;;;;;;
35,6944;0;0,713888889;0,02;8;10;4;10;8;;;;;;;;;;;;
35,6944;0;0,713888889;0,03;12;30;4;10;8;;;;;;;;;;;;
35,6944;0;0,713888889;0,03;12;50;4;10;8;;;;;;;;;;;;
35,8333;0;0,716666667;0,02;4;30;4;30;12;;;;;;;;;;;;
35,8333;0;0,716666667;0,02;4;30;4;50;12;;;;;;;;;;;;
35,8333;0;0,716666667;0,02;4;50;4;30;12;;;;;;;;;;;;
35,8333;0;0,716666667;0,02;4;50;4;50;12;;;;;;;;;;;;
35,8333;0;0,716666667;0,03;4;30;4;30;12;;;;;;;;;;;;
35,8333;0;0,716666667;0,03;4;30;4;50;12;;;;;;;;;;;;
35,8333;0;0,716666667;0,03;4;50;4;30;12;;;;;;;;;;;;
35,8333;0;0,716666667;0,03;4;50;4;50;12;;;;;;;;;;;;
35,9722;0;0,719444444;0,03;8;30;4;10;8;;;;;;;;;;;;
35,9722;0;0,719444444;0,03;8;50;4;10;8;;;;;;;;;;;;
35,9722;0;0,719444444;0,04;4;30;4;50;12;;;;;;;;;;;;
35,9722;0;0,719444444;0,04;4;50;4;50;12;;;;;;;;;;;;
36,1111;0;0,722222222;0,03;12;10;4;10;8;;;;;;;;;;;;
36,1111;0;0,722222222;0,04;4;30;4;30;12;;;;;;;;;;;;
36,1111;0;0,722222222;0,04;4;50;4;30;12;;;;;;;;;;;;
36,25;0;0,725;0,02;4;10;12;30;12;;;;;;;;;;;;
36,25;0;0,725;0,02;4;10;12;50;12;;;;;;;;;;;;
36,25;0;0,725;0,03;4;10;12;30;12;;;;;;;;;;;;
36,25;0;0,725;0,03;4;10;12;50;12;;;;;;;;;;;;
36,25;0;0,725;0,03;8;10;4;10;8;;;;;;;;;;;;
36,25;0;0,725;0,04;8;30;4;10;8;;;;;;;;;;;;
36,25;0;0,725;0,04;8;50;4;10;8;;;;;;;;;;;;
36,25;0;0,725;0,04;12;30;4;10;8;;;;;;;;;;;;
36,25;0;0,725;0,04;12;50;4;10;8;;;;;;;;;;;;
36,3889;0;0,727777778;0,02;4;10;8;50;12;;;;;;;;;;;;
36,3889;0;0,727777778;0,02;4;30;12;10;8;;;;;;;;;;;;
36,3889;0;0,727777778;0,02;4;50;12;10;8;;;;;;;;;;;;
36,3889;0;0,727777778;0,02;12;30;12;10;12;;;;;;;;;;;;
36,3889;0;0,727777778;0,02;12;50;12;10;12;;;;;;;;;;;;
36,3889;0;0,727777778;0,03;4;10;8;50;12;;;;;;;;;;;;
36,3889;0;0,727777778;0,03;12;30;12;10;12;;;;;;;;;;;;
36,3889;0;0,727777778;0,03;12;50;12;10;12;;;;;;;;;;;;
36,3889;0;0,727777778;0,04;4;10;12;30;12;;;;;;;;;;;;
36,3889;0;0,727777778;0,04;4;10;12;50;12;;;;;;;;;;;;
36,3889;0;0,727777778;0,04;12;30;12;10;12;;;;;;;;;;;;
36,3889;0;0,727777778;0,04;12;50;12;10;12;;;;;;;;;;;;
36,5278;0;0,730555556;0,02;4;10;8;30;12;;;;;;;;;;;;
36,5278;0;0,730555556;0,02;4;10;12;10;8;;;;;;;;;;;;
36,5278;0;0,730555556;0,02;12;10;12;10;12;;;;;;;;;;;;
36,5278;0;0,730555556;0,02;12;30;8;10;12;;;;;;;;;;;;
36,5278;0;0,730555556;0,02;12;50;8;10;12;;;;;;;;;;;;
36,5278;0;0,730555556;0,03;4;10;8;30;12;;;;;;;;;;;;
36,5278;0;0,730555556;0,03;12;10;12;10;12;;;;;;;;;;;;
36,5278;0;0,730555556;0,03;12;30;8;10;12;;;;;;;;;;;;
36,5278;0;0,730555556;0,03;12;50;8;10;12;;;;;;;;;;;;
36,5278;0;0,730555556;0,04;4;10;4;10;4;;;;;;;;;;;;
36,5278;0;0,730555556;0,04;4;30;4;10;4;;;;;;;;;;;;
36,5278;0;0,730555556;0,04;4;50;4;10;4;;;;;;;;;;;;
36,5278;0;0,730555556;0,04;8;10;4;10;8;;;;;;;;;;;;
36,5278;0;0,730555556;0,04;12;10;4;10;8;;;;;;;;;;;;
36,5278;0;0,730555556;0,04;12;10;12;10;12;;;;;;;;;;;;
36,5278;0;0,730555556;0,04;12;30;8;10;12;;;;;;;;;;;;
36,5278;0;0,730555556;0,04;12;50;8;10;12;;;;;;;;;;;;
36,6667;0;0,733333333;0,02;4;30;8;10;8;;;;;;;;;;;;
36,6667;0;0,733333333;0,02;4;50;8;10;8;;;;;;;;;;;;
36,6667;0;0,733333333;0,02;12;10;8;10;12;;;;;;;;;;;;
36,6667;0;0,733333333;0,03;4;10;12;10;8;;;;;;;;;;;;
36,6667;0;0,733333333;0,03;4;30;12;10;8;;;;;;;;;;;;
36,6667;0;0,733333333;0,03;4;50;12;10;8;;;;;;;;;;;;
36,6667;0;0,733333333;0,03;12;10;8;10;12;;;;;;;;;;;;
36,6667;0;0,733333333;0,04;4;10;8;50;12;;;;;;;;;;;;
36,6667;0;0,733333333;0,04;12;10;8;10;12;;;;;;;;;;;;
36,8056;0;0,736111111;0,02;4;10;8;10;8;;;;;;;;;;;;
36,8056;0;0,736111111;0,02;8;30;12;10;12;;;;;;;;;;;;
36,8056;0;0,736111111;0,02;8;50;12;10;12;;;;;;;;;;;;
36,8056;0;0,736111111;0,03;8;30;12;10;12;;;;;;;;;;;;
36,8056;0;0,736111111;0,03;8;50;12;10;12;;;;;;;;;;;;
36,8056;0;0,736111111;0,04;4;10;8;30;12;;;;;;;;;;;;
36,9444;0;0,738888889;0,02;4;10;4;50;12;;;;;;;;;;;;
36,9444;0;0,738888889;0,02;8;10;12;10;12;;;;;;;;;;;;
36,9444;0;0,738888889;0,02;8;30;8;10;12;;;;;;;;;;;;
36,9444;0;0,738888889;0,02;8;50;8;10;12;;;;;;;;;;;;
36,9444;0;0,738888889;0,03;4;10;4;50;12;;;;;;;;;;;;
36,9444;0;0,738888889;0,03;4;10;8;10;8;;;;;;;;;;;;
36,9444;0;0,738888889;0,03;4;30;8;10;8;;;;;;;;;;;;
36,9444;0;0,738888889;0,03;4;50;8;10;8;;;;;;;;;;;;
36,9444;0;0,738888889;0,03;8;10;12;10;12;;;;;;;;;;;;
36,9444;0;0,738888889;0,03;8;30;8;10;12;;;;;;;;;;;;
36,9444;0;0,738888889;0,03;8;50;8;10;12;;;;;;;;;;;;
36,9444;0;0,738888889;0,04;4;10;12;10;8;;;;;;;;;;;;
36,9444;0;0,738888889;0,04;4;30;12;10;8;;;;;;;;;;;;
36,9444;0;0,738888889;0,04;4;50;12;10;8;;;;;;;;;;;;
37,0833;0;0,741666667;0,04;4;10;4;50;12;;;;;;;;;;;;
37,0833;0;0,741666667;0,04;4;10;8;10;8;;;;;;;;;;;;
37,0833;0;0,741666667;0,04;4;30;8;10;8;;;;;;;;;;;;
37,0833;0;0,741666667;0,04;4;50;8;10;8;;;;;;;;;;;;
37,0833;0;0,741666667;0,04;8;10;12;10;12;;;;;;;;;;;;
37,0833;0;0,741666667;0,04;8;30;12;10;12;;;;;;;;;;;;
37,0833;0;0,741666667;0,04;8;50;12;10;12;;;;;;;;;;;;
37,2222;0;0,744444444;0,02;4;10;4;10;8;;;;;;;;;;;;
37,2222;0;0,744444444;0,02;4;30;4;10;8;;;;;;;;;;;;
37,2222;0;0,744444444;0,02;4;50;4;10;8;;;;;;;;;;;;
37,2222;0;0,744444444;0,02;8;10;8;10;12;;;;;;;;;;;;
37,2222;0;0,744444444;0,03;8;10;8;10;12;;;;;;;;;;;;
37,2222;0;0,744444444;0,04;8;30;8;10;12;;;;;;;;;;;;
37,2222;0;0,744444444;0,04;8;50;8;10;12;;;;;;;;;;;;
37,3611;0;0,747222222;0,02;4;10;4;30;12;;;;;;;;;;;;
37,3611;0;0,747222222;0,03;4;10;4;10;8;;;;;;;;;;;;
37,3611;0;0,747222222;0,03;4;10;4;30;12;;;;;;;;;;;;
37,3611;0;0,747222222;0,03;4;30;4;10;8;;;;;;;;;;;;
37,3611;0;0,747222222;0,03;4;50;4;10;8;;;;;;;;;;;;
37,3611;0;0,747222222;0,04;4;10;4;30;12;;;;;;;;;;;;
37,3611;0;0,747222222;0,04;8;10;8;10;12;;;;;;;;;;;;
37,7778;0;0,755555556;0,04;4;10;4;10;8;;;;;;;;;;;;
37,7778;0;0,755555556;0,04;4;30;4;10;8;;;;;;;;;;;;
37,7778;0;0,755555556;0,04;4;50;4;10;8;;;;;;;;;;;;
38,1944;0;0,763888889;0,02;4;10;8;10;12;;;;;;;;;;;;
38,1944;0;0,763888889;0,02;4;10;12;10;12;;;;;;;;;;;;
38,1944;0;0,763888889;0,02;4;30;8;10;12;;;;;;;;;;;;
38,1944;0;0,763888889;0,02;4;30;12;10;12;;;;;;;;;;;;
38,1944;0;0,763888889;0,02;4;50;8;10;12;;;;;;;;;;;;
38,1944;0;0,763888889;0,02;4;50;12;10;12;;;;;;;;;;;;
38,1944;0;0,763888889;0,02;12;10;4;10;12;;;;;;;;;;;;
38,1944;0;0,763888889;0,02;12;30;4;10;12;;;;;;;;;;;;
38,1944;0;0,763888889;0,02;12;50;4;10;12;;;;;;;;;;;;
38,1944;0;0,763888889;0,03;4;10;8;10;12;;;;;;;;;;;;
38,1944;0;0,763888889;0,03;4;10;12;10;12;;;;;;;;;;;;
38,1944;0;0,763888889;0,03;4;30;8;10;12;;;;;;;;;;;;
38,1944;0;0,763888889;0,03;4;30;12;10;12;;;;;;;;;;;;
38,1944;0;0,763888889;0,03;4;50;8;10;12;;;;;;;;;;;;
38,1944;0;0,763888889;0,03;4;50;12;10;12;;;;;;;;;;;;
38,1944;0;0,763888889;0,03;12;10;4;10;12;;;;;;;;;;;;
38,1944;0;0,763888889;0,03;12;30;4;10;12;;;;;;;;;;;;
38,1944;0;0,763888889;0,03;12;50;4;10;12;;;;;;;;;;;;
38,1944;0;0,763888889;0,04;4;10;8;10;12;;;;;;;;;;;;
38,1944;0;0,763888889;0,04;4;10;12;10;12;;;;;;;;;;;;
38,1944;0;0,763888889;0,04;4;30;8;10;12;;;;;;;;;;;;
38,1944;0;0,763888889;0,04;4;30;12;10;12;;;;;;;;;;;;
38,1944;0;0,763888889;0,04;4;50;8;10;12;;;;;;;;;;;;
38,1944;0;0,763888889;0,04;4;50;12;10;12;;;;;;;;;;;;
38,3333;0;0,766666667;0,02;8;10;4;10;12;;;;;;;;;;;;
38,3333;0;0,766666667;0,02;8;30;4;10;12;;;;;;;;;;;;
38,3333;0;0,766666667;0,02;8;50;4;10;12;;;;;;;;;;;;
38,3333;0;0,766666667;0,03;8;10;4;10;12;;;;;;;;;;;;
38,3333;0;0,766666667;0,03;8;30;4;10;12;;;;;;;;;;;;
38,3333;0;0,766666667;0,03;8;50;4;10;12;;;;;;;;;;;;
38,3333;0;0,766666667;0,04;8;10;4;10;12;;;;;;;;;;;;
38,3333;0;0,766666667;0,04;8;30;4;10;12;;;;;;;;;;;;
38,3333;0;0,766666667;0,04;8;50;4;10;12;;;;;;;;;;;;
38,3333;0;0,766666667;0,04;12;10;4;10;12;;;;;;;;;;;;
38,3333;0;0,766666667;0,04;12;30;4;10;12;;;;;;;;;;;;
38,3333;0;0,766666667;0,04;12;50;4;10;12;;;;;;;;;;;;
38,6111;0;0,772222222;0,02;4;10;4;10;12;;;;;;;;;;;;
38,6111;0;0,772222222;0,02;4;30;4;10;12;;;;;;;;;;;;
38,6111;0;0,772222222;0,02;4;50;4;10;12;;;;;;;;;;;;
38,6111;0;0,772222222;0,03;4;10;4;10;12;;;;;;;;;;;;
38,6111;0;0,772222222;0,03;4;30;4;10;12;;;;;;;;;;;;
38,6111;0;0,772222222;0,03;4;50;4;10;12;;;;;;;;;;;;
38,75;0;0,775;0,04;4;10;4;10;12;;;;;;;;;;;;
38,75;0;0,775;0,04;4;30;4;10;12;;;;;;;;;;;;
38,75;0;0,775;0,04;4;50;4;10;12;;;;;;;;;;;;
7,7778;0,002777778;0,152777778;0,02;8;30;8;30;4;;;;;;;;;;;;
7,9167;0,002777778;0,155555556;0,02;12;10;12;30;4;;;;;;;;;;;;
8,1944;0,002777778;0,161111111;0,03;8;30;12;30;4;;;;;;;;;;;;
8,1944;0,002777778;0,161111111;0,03;8;50;12;30;4;;;;;;;;;;;;
8,1944;0,002777778;0,161111111;0,04;8;30;12;50;4;;;;;;;;;;;;
8,1944;0,002777778;0,161111111;0,04;8;50;12;50;4;;;;;;;;;;;;
8,75;0,002777778;0,172222222;0,02;12;10;8;50;4;;;;;;;;;;;;
9,1667;0,002777778;0,180555556;0,03;8;30;8;30;4;;;;;;;;;;;;
9,1667;0,002777778;0,180555556;0,03;8;50;8;30;4;;;;;;;;;;;;
9,1667;0,002777778;0,180555556;0,03;12;50;12;50;8;;;;;;;;;;;;
9,3056;0,002777778;0,183333333;0,03;12;30;12;50;8;;;;;;;;;;;;
9,3056;0,002777778;0,183333333;0,04;8;30;8;50;4;;;;;;;;;;;;
9,3056;0,002777778;0,183333333;0,04;8;50;8;50;4;;;;;;;;;;;;
9,4444;0,002777778;0,186111111;0,02;8;10;12;50;4;;;;;;;;;;;;
9,4444;0,002777778;0,186111111;0,04;12;10;12;50;4;;;;;;;;;;;;
9,5833;0,002777778;0,188888889;0,04;12;50;12;50;8;;;;;;;;;;;;
9,7222;0,002777778;0,191666667;0,04;12;30;12;50;8;;;;;;;;;;;;
10,6944;0,002777778;0,211111111;0,02;12;50;8;50;8;;;;;;;;;;;;
10,6944;0,002777778;0,211111111;0,03;12;50;8;50;8;;;;;;;;;;;;
10,8333;0,002777778;0,213888889;0,02;12;30;8;50;8;;;;;;;;;;;;
10,8333;0,002777778;0,213888889;0,03;12;30;12;30;8;;;;;;;;;;;;
10,8333;0,002777778;0,213888889;0,03;12;50;12;30;8;;;;;;;;;;;;
10,9722;0,002777778;0,216666667;0,03;12;30;8;50;8;;;;;;;;;;;;
11,1111;0,002777778;0,219444444;0,04;12;50;8;50;8;;;;;;;;;;;;
11,25;0,002777778;0,222222222;0,04;12;30;8;50;8;;;;;;;;;;;;
12,2222;0,002777778;0,241666667;0,02;12;50;8;30;8;;;;;;;;;;;;
12,3611;0,002777778;0,244444444;0,02;12;30;8;30;8;;;;;;;;;;;;
12,5;0,002777778;0,247222222;0,03;12;30;8;30;8;;;;;;;;;;;;
12,5;0,002777778;0,247222222;0,03;12;50;8;30;8;;;;;;;;;;;;
12,9167;0,002777778;0,255555556;0,02;8;50;12;50;8;;;;;;;;;;;;
13,0556;0,002777778;0,258333333;0,02;8;30;12;50;8;;;;;;;;;;;;
14,0278;0,002777778;0,277777778;0,03;12;50;4;50;4;;;;;;;;;;;;
14,1667;0,002777778;0,280555556;0,03;12;30;4;50;4;;;;;;;;;;;;
15;0,002777778;0,297222222;0,02;8;30;12;30;8;;;;;;;;;;;;
15;0,002777778;0,297222222;0,02;8;50;12;30;8;;;;;;;;;;;;
15,5556;0,002777778;0,308333333;0,02;12;10;12;50;8;;;;;;;;;;;;
15,9722;0,002777778;0,316666667;0,03;12;10;12;50;8;;;;;;;;;;;;
16,1111;0,002777778;0,319444444;0,03;8;30;4;50;4;;;;;;;;;;;;
16,1111;0,002777778;0,319444444;0,03;8;50;4;50;4;;;;;;;;;;;;
17,9167;0,002777778;0,355555556;0,02;12;10;8;50;8;;;;;;;;;;;;
17,9167;0,002777778;0,355555556;0,03;12;10;8;50;8;;;;;;;;;;;;
5,6944;0,005555556;0,108333333;0,02;12;30;8;30;4;;;;;;;;;;;;
5,9722;0,005555556;0,113888889;0,03;8;50;12;50;4;;;;;;;;;;;;
6,1111;0,005555556;0,116666667;0,03;8;30;12;50;4;;;;;;;;;;;;
6,9444;0,005555556;0,133333333;0,02;8;30;12;30;4;;;;;;;;;;;;
7,0833;0,005555556;0,136111111;0,03;12;50;8;30;4;;;;;;;;;;;;
7,2222;0,005555556;0,138888889;0,03;12;30;8;30;4;;;;;;;;;;;;
7,3611;0,005555556;0,141666667;0,04;12;30;12;30;4;;;;;;;;;;;;
7,3611;0,005555556;0,141666667;0,04;12;50;12;30;4;;;;;;;;;;;;
7,6389;0,005555556;0,147222222;0,03;12;10;12;50;4;;;;;;;;;;;;
7,7778;0,005555556;0,15;0,03;8;50;8;50;4;;;;;;;;;;;;
7,9167;0,005555556;0,152777778;0,02;8;50;8;30;4;;;;;;;;;;;;
7,9167;0,005555556;0,152777778;0,03;8;30;8;50;4;;;;;;;;;;;;
9,3056;0,005555556;0,180555556;0,02;12;50;12;50;8;;;;;;;;;;;;
9,4444;0,005555556;0,183333333;0,02;12;30;12;50;8;;;;;;;;;;;;
10,8333;0,005555556;0,211111111;0,02;12;30;12;30;8;;;;;;;;;;;;
10,8333;0,005555556;0,211111111;0,02;12;50;12;30;8;;;;;;;;;;;;
14,8611;0,005555556;0,291666667;0,02;8;30;4;50;4;;;;;;;;;;;;
14,8611;0,005555556;0,291666667;0,02;8;50;4;50;4;;;;;;;;;;;;
5,4167;0,008333333;0,1;0,02;12;50;8;30;4;;;;;;;;;;;;
6,3889;0,008333333;0,119444444;0,04;12;50;8;50;4;;;;;;;;;;;;
6,6667;0,008333333;0,125;0,04;12;30;8;50;4;;;;;;;;;;;;
7,0833;0,008333333;0,133333333;0,02;8;50;12;30;4;;;;;;;;;;;;
12,3611;0,008333333;0,238888889;0,02;12;30;4;50;4;;;;;;;;;;;;
5,9722;0,011111111;0,108333333;0,03;12;50;12;30;4;;;;;;;;;;;;
6,1111;0,011111111;0,111111111;0,03;12;30;12;30;4;;;;;;;;;;;;
7,0833;0,011111111;0,130555556;0,02;12;10;12;50;4;;;;;;;;;;;;
7,0833;0,013888889;0,127777778;0,02;8;30;8;50;4;;;;;;;;;;;;
12,5;0,013888889;0,236111111;0,02;12;50;4;50;4;;;;;;;;;;;;
5,9722;0,016666667;0,102777778;0,04;12;30;12;50;4;;;;;;;;;;;;
5,8333;0,019444444;0,097222222;0,04;12;50;12;50;4;;;;;;;;;;;;
5,9722;0,019444444;0,1;0,02;8;30;12;50;4;;;;;;;;;;;;
6,1111;0,019444444;0,102777778;0,03;12;30;8;50;4;;;;;;;;;;;;
5,4167;0,022222222;0,086111111;0,02;12;30;12;30;4;;;;;;;;;;;;
5,6944;0,022222222;0,091666667;0,03;12;50;8;50;4;;;;;;;;;;;;
7,0833;0,022222222;0,119444444;0,02;8;50;8;50;4;;;;;;;;;;;;
5,4167;0,025;0,083333333;0,02;12;50;12;30;4;;;;;;;;;;;;
5,8333;0,025;0,091666667;0,02;8;50;12;50;4;;;;;;;;;;;;
5,6944;0,030555556;0,083333333;0,03;12;30;12;50;4;;;;;;;;;;;;
5,6944;0,038888889;0,075;0,03;12;50;12;50;4;;;;;;;;;;;;
6,6667;0,05;0,083333333;0,02;12;30;8;50;4;;;;;;;;;;;;
6,3889;0,061111111;0,066666667;0,02;12;50;8;50;4;;;;;;;;;;;;
7,6389;0,077777778;0,075;0,02;12;30;12;50;4;;;;;;;;;;;;
8,3333;0,108333333;0,058333333;0,02;12;50;12;50;4;;;;;;;;;;;;
Matches;total;524880;;;;;;;;;;;;;;;;;;
270;;;;;;;;;;;;;;;;;;;;
