EER;FMR;FNMR;THR;GDTHR;GAngTHR;LDTHR;LAngTHR;MtiaCount;;;;;;;;;;;
4,4444;0;0,088888889;0,02;12;30;8;30;4;;;;;;;;;;;
4,4444;0;0,088888889;0,02;12;50;8;30;4;;;;;;;;;;;
4,8611;0;0,097222222;0,02;12;30;12;30;8;;;EER;FMR;FNMR;THR;GDTHR;GAngTHR;LDTHR;LAngTHR;MtiaCount
5;0;0,1;0,02;8;50;8;50;4;;Maþiausias EER (FMR = 0);4,4444;0;0,088888889;0,02;12;30;8;30;4
5;0;0,1;0,03;12;30;12;50;8;;Maþiausias EER (FMR - bet koks);4,5833;0,002777778;0,088888889;0,02;12;30;12;50;8
5,1389;0;0,102777778;0,02;8;30;8;50;4;;;;;;;;;;;
5,1389;0;0,102777778;0,03;12;30;8;50;4;;Matches;total;524880;;;;;;;
5,2778;0;0,105555556;0,02;8;30;12;30;4;;total;time;381;;;;;;;
5,2778;0;0,105555556;0,02;8;50;12;30;4;;;;;;;;;;;
5,4167;0;0,108333333;0,04;12;50;12;50;4;;avg time =;0,00072588;;;;;;;;
5,5556;0;0,111111111;0,02;8;30;8;30;4;;;;;;;;;;;
5,5556;0;0,111111111;0,02;12;30;8;30;8;;;;;;;;;;;
5,5556;0;0,111111111;0,02;8;50;8;30;4;;;;;;;;;;;
5,5556;0;0,111111111;0,02;12;50;8;30;8;;;;;;;;;;;
5,5556;0;0,111111111;0,03;12;30;8;50;8;;;;;;;;;;;
5,5556;0;0,111111111;0,03;12;30;12;30;8;;;;;;;;;;;
5,5556;0;0,111111111;0,04;12;30;12;50;4;;;;;;;;;;;
5,5556;0;0,111111111;0,04;12;50;8;50;4;;;;;;;;;;;
5,5556;0;0,111111111;0,04;12;50;12;50;8;;;;;;;;;;;
5,6944;0;0,113888889;0,04;12;30;8;50;4;;;;;;;;;;;
5,6944;0;0,113888889;0,04;12;30;12;50;8;;;;;;;;;;;
5,8333;0;0,116666667;0,04;12;50;8;50;8;;;;;;;;;;;
5,9722;0;0,119444444;0,02;8;30;12;50;8;;;;;;;;;;;
5,9722;0;0,119444444;0,02;8;50;12;50;8;;;;;;;;;;;
5,9722;0;0,119444444;0,04;12;30;8;50;8;;;;;;;;;;;
5,9722;0;0,119444444;0,04;12;50;12;30;4;;;;;;;;;;;
6,1111;0;0,122222222;0,03;12;30;8;30;4;;;;;;;;;;;
6,1111;0;0,122222222;0,03;8;50;12;50;4;;;;;;;;;;;
6,1111;0;0,122222222;0,03;12;50;8;30;4;;;;;;;;;;;
6,1111;0;0,122222222;0,04;12;30;12;30;4;;;;;;;;;;;
6,25;0;0,125;0,03;8;30;12;50;4;;;;;;;;;;;
6,25;0;0,125;0,04;12;50;12;30;8;;;;;;;;;;;
6,3889;0;0,127777778;0,04;12;30;12;30;8;;;;;;;;;;;
6,6667;0;0,133333333;0,03;8;30;8;50;4;;;;;;;;;;;
6,6667;0;0,133333333;0,03;8;30;12;30;4;;;;;;;;;;;
6,6667;0;0,133333333;0,03;8;50;8;50;4;;;;;;;;;;;
6,6667;0;0,133333333;0,03;8;50;12;30;4;;;;;;;;;;;
6,8056;0;0,136111111;0,02;12;10;8;30;4;;;;;;;;;;;
6,8056;0;0,136111111;0,02;8;30;12;30;8;;;;;;;;;;;
6,8056;0;0,136111111;0,02;8;50;8;50;8;;;;;;;;;;;
6,8056;0;0,136111111;0,02;8;50;12;30;8;;;;;;;;;;;
6,8056;0;0,136111111;0,03;12;30;8;30;8;;;;;;;;;;;
6,8056;0;0,136111111;0,03;8;50;12;50;8;;;;;;;;;;;
6,8056;0;0,136111111;0,03;12;50;8;30;8;;;;;;;;;;;
6,9444;0;0,138888889;0,02;12;10;12;50;8;;;;;;;;;;;
6,9444;0;0,138888889;0,02;8;30;8;50;8;;;;;;;;;;;
6,9444;0;0,138888889;0,03;8;30;12;50;8;;;;;;;;;;;
7,0833;0;0,141666667;0,04;12;30;8;30;4;;;;;;;;;;;
7,0833;0;0,141666667;0,04;12;50;8;30;4;;;;;;;;;;;
7,2222;0;0,144444444;0,02;12;50;12;50;12;;;;;;;;;;;
7,3611;0;0,147222222;0,02;12;10;12;30;8;;;;;;;;;;;
7,3611;0;0,147222222;0,03;8;30;12;30;8;;;;;;;;;;;
7,3611;0;0,147222222;0,03;8;50;12;30;8;;;;;;;;;;;
7,3611;0;0,147222222;0,03;12;50;12;50;12;;;;;;;;;;;
7,5;0;0,15;0,02;8;30;8;30;8;;;;;;;;;;;
7,5;0;0,15;0,02;8;50;8;30;8;;;;;;;;;;;
7,5;0;0,15;0,03;8;30;8;30;4;;;;;;;;;;;
7,5;0;0,15;0,03;8;30;8;50;8;;;;;;;;;;;
7,5;0;0,15;0,03;8;50;8;30;4;;;;;;;;;;;
7,5;0;0,15;0,03;8;50;8;50;8;;;;;;;;;;;
7,5;0;0,15;0,04;12;30;8;30;8;;;;;;;;;;;
7,5;0;0,15;0,04;12;50;8;30;8;;;;;;;;;;;
7,6389;0;0,152777778;0,02;8;10;12;30;4;;;;;;;;;;;
7,6389;0;0,152777778;0,02;8;10;12;50;4;;;;;;;;;;;
7,6389;0;0,152777778;0,02;12;30;12;50;12;;;;;;;;;;;
7,6389;0;0,152777778;0,03;12;10;12;50;4;;;;;;;;;;;
7,6389;0;0,152777778;0,04;8;50;12;50;4;;;;;;;;;;;
7,7778;0;0,155555556;0,02;8;10;8;50;4;;;;;;;;;;;
7,7778;0;0,155555556;0,02;12;50;8;50;12;;;;;;;;;;;
7,7778;0;0,155555556;0,03;12;30;12;50;12;;;;;;;;;;;
7,7778;0;0,155555556;0,04;8;30;12;50;4;;;;;;;;;;;
7,7778;0;0,155555556;0,04;12;50;12;50;12;;;;;;;;;;;
7,9167;0;0,158333333;0,03;12;10;12;30;4;;;;;;;;;;;
7,9167;0;0,158333333;0,04;8;50;12;50;8;;;;;;;;;;;
8,0556;0;0,161111111;0,03;12;10;8;50;4;;;;;;;;;;;
8,0556;0;0,161111111;0,04;8;30;12;50;8;;;;;;;;;;;
8,0556;0;0,161111111;0,04;12;30;12;50;12;;;;;;;;;;;
8,1944;0;0,163888889;0,02;12;10;8;50;8;;;;;;;;;;;
8,1944;0;0,163888889;0,03;12;10;12;50;8;;;;;;;;;;;
8,1944;0;0,163888889;0,03;12;50;8;50;12;;;;;;;;;;;
8,1944;0;0,163888889;0,04;8;30;8;50;4;;;;;;;;;;;
8,1944;0;0,163888889;0,04;8;50;8;50;4;;;;;;;;;;;
8,1944;0;0,163888889;0,04;12;50;8;50;12;;;;;;;;;;;
8,3333;0;0,166666667;0,02;8;10;8;30;4;;;;;;;;;;;
8,3333;0;0,166666667;0,02;12;30;8;50;12;;;;;;;;;;;
8,3333;0;0,166666667;0,03;12;10;12;30;8;;;;;;;;;;;
8,3333;0;0,166666667;0,03;8;30;8;30;8;;;;;;;;;;;
8,3333;0;0,166666667;0,03;8;50;8;30;8;;;;;;;;;;;
8,4722;0;0,169444444;0,02;12;10;8;30;8;;;;;;;;;;;
8,4722;0;0,169444444;0,04;8;30;12;30;4;;;;;;;;;;;
8,4722;0;0,169444444;0,04;8;50;12;30;4;;;;;;;;;;;
8,6111;0;0,172222222;0,02;12;50;4;50;4;;;;;;;;;;;
8,6111;0;0,172222222;0,03;12;10;8;30;4;;;;;;;;;;;
8,6111;0;0,172222222;0,04;8;30;12;30;8;;;;;;;;;;;
8,6111;0;0,172222222;0,04;8;50;12;30;8;;;;;;;;;;;
8,75;0;0,175;0,02;12;30;4;50;4;;;;;;;;;;;
8,75;0;0,175;0,02;12;30;12;30;12;;;;;;;;;;;
8,75;0;0,175;0,02;12;50;12;30;12;;;;;;;;;;;
8,75;0;0,175;0,03;12;30;8;50;12;;;;;;;;;;;
8,75;0;0,175;0,04;8;30;8;50;8;;;;;;;;;;;
8,75;0;0,175;0,04;12;30;8;50;12;;;;;;;;;;;
8,75;0;0,175;0,04;8;50;8;30;4;;;;;;;;;;;
8,75;0;0,175;0,04;8;50;8;50;8;;;;;;;;;;;
8,8889;0;0,177777778;0,03;12;10;8;50;8;;;;;;;;;;;
8,8889;0;0,177777778;0,03;12;30;12;30;12;;;;;;;;;;;
8,8889;0;0,177777778;0,03;12;50;12;30;12;;;;;;;;;;;
8,8889;0;0,177777778;0,04;8;30;8;30;4;;;;;;;;;;;
9,0278;0;0,180555556;0,04;12;30;12;30;12;;;;;;;;;;;
9,0278;0;0,180555556;0,04;12;50;12;30;12;;;;;;;;;;;
9,1667;0;0,183333333;0,03;12;10;8;30;8;;;;;;;;;;;
9,1667;0;0,183333333;0,04;8;50;8;30;8;;;;;;;;;;;
9,3056;0;0,186111111;0,04;8;30;8;30;8;;;;;;;;;;;
9,4444;0;0,188888889;0,02;8;10;12;50;8;;;;;;;;;;;
9,4444;0;0,188888889;0,04;12;10;8;50;4;;;;;;;;;;;
9,4444;0;0,188888889;0,04;12;10;12;50;4;;;;;;;;;;;
9,5833;0;0,191666667;0,02;12;50;4;30;4;;;;;;;;;;;
9,5833;0;0,191666667;0,04;12;10;12;30;4;;;;;;;;;;;
9,7222;0;0,194444444;0,02;12;30;4;30;4;;;;;;;;;;;
9,8611;0;0,197222222;0,02;8;10;8;50;8;;;;;;;;;;;
9,8611;0;0,197222222;0,03;8;10;12;50;4;;;;;;;;;;;
9,8611;0;0,197222222;0,04;12;10;12;30;8;;;;;;;;;;;
9,8611;0;0,197222222;0,04;12;10;12;50;8;;;;;;;;;;;
10;0;0,2;0,02;8;50;4;50;4;;;;;;;;;;;
10;0;0,2;0,03;8;10;8;50;4;;;;;;;;;;;
10;0;0,2;0,04;12;10;8;50;8;;;;;;;;;;;
10,1389;0;0,202777778;0,02;12;50;4;50;8;;;;;;;;;;;
10,1389;0;0,202777778;0,02;12;50;8;30;12;;;;;;;;;;;
10,2778;0;0,205555556;0,02;8;10;12;30;8;;;;;;;;;;;
10,2778;0;0,205555556;0,02;8;30;4;50;4;;;;;;;;;;;
10,2778;0;0,205555556;0,02;12;30;4;50;8;;;;;;;;;;;
10,2778;0;0,205555556;0,02;12;30;8;30;12;;;;;;;;;;;
10,2778;0;0,205555556;0,03;12;50;4;50;4;;;;;;;;;;;
10,2778;0;0,205555556;0,03;12;50;8;30;12;;;;;;;;;;;
10,2778;0;0,205555556;0,04;12;10;8;30;4;;;;;;;;;;;
10,2778;0;0,205555556;0,04;12;50;8;30;12;;;;;;;;;;;
10,4167;0;0,208333333;0,03;8;10;12;30;4;;;;;;;;;;;
10,4167;0;0,208333333;0,03;12;30;4;50;4;;;;;;;;;;;
10,4167;0;0,208333333;0,03;12;30;8;30;12;;;;;;;;;;;
10,4167;0;0,208333333;0,04;12;30;8;30;12;;;;;;;;;;;
10,6944;0;0,213888889;0,02;8;50;12;50;12;;;;;;;;;;;
10,6944;0;0,213888889;0,03;8;10;8;30;4;;;;;;;;;;;
10,6944;0;0,213888889;0,03;8;10;12;50;8;;;;;;;;;;;
10,6944;0;0,213888889;0,04;12;10;8;30;8;;;;;;;;;;;
10,9722;0;0,219444444;0,02;8;10;8;30;8;;;;;;;;;;;
10,9722;0;0,219444444;0,02;8;30;12;50;12;;;;;;;;;;;
10,9722;0;0,219444444;0,03;8;50;12;50;12;;;;;;;;;;;
11,1111;0;0,222222222;0,02;8;30;4;30;4;;;;;;;;;;;
11,1111;0;0,222222222;0,02;8;50;4;30;4;;;;;;;;;;;
11,1111;0;0,222222222;0,03;8;10;8;50;8;;;;;;;;;;;
11,25;0;0,225;0,03;8;30;12;50;12;;;;;;;;;;;
11,25;0;0,225;0,03;12;50;4;50;8;;;;;;;;;;;
11,3889;0;0,227777778;0,03;12;30;4;50;8;;;;;;;;;;;
11,3889;0;0,227777778;0,04;8;50;12;50;12;;;;;;;;;;;
11,5278;0;0,230555556;0,02;12;10;4;50;4;;;;;;;;;;;
11,5278;0;0,230555556;0,02;8;50;8;50;12;;;;;;;;;;;
11,5278;0;0,230555556;0,03;8;10;12;30;8;;;;;;;;;;;
11,6667;0;0,233333333;0,02;8;30;8;50;12;;;;;;;;;;;
11,6667;0;0,233333333;0,03;8;50;8;50;12;;;;;;;;;;;
11,6667;0;0,233333333;0,04;8;30;12;50;12;;;;;;;;;;;
11,8056;0;0,236111111;0,02;8;50;4;50;8;;;;;;;;;;;
11,8056;0;0,236111111;0,03;8;30;8;50;12;;;;;;;;;;;
11,9444;0;0,238888889;0,03;8;10;8;30;8;;;;;;;;;;;
11,9444;0;0,238888889;0,04;8;10;12;50;4;;;;;;;;;;;
11,9444;0;0,238888889;0,04;8;50;8;50;12;;;;;;;;;;;
12,0833;0;0,241666667;0,02;12;10;4;30;4;;;;;;;;;;;
12,0833;0;0,241666667;0,02;12;10;12;50;12;;;;;;;;;;;
12,0833;0;0,241666667;0,02;8;30;4;50;8;;;;;;;;;;;
12,0833;0;0,241666667;0,02;8;30;12;30;12;;;;;;;;;;;
12,0833;0;0,241666667;0,02;8;50;12;30;12;;;;;;;;;;;
12,0833;0;0,241666667;0,03;12;30;4;30;4;;;;;;;;;;;
12,0833;0;0,241666667;0,03;12;50;4;30;4;;;;;;;;;;;
12,0833;0;0,241666667;0,04;8;30;8;50;12;;;;;;;;;;;
12,2222;0;0,244444444;0,02;12;50;4;30;8;;;;;;;;;;;
12,2222;0;0,244444444;0,03;8;30;12;30;12;;;;;;;;;;;
12,2222;0;0,244444444;0,03;8;50;12;30;12;;;;;;;;;;;
12,3611;0;0,247222222;0,02;12;30;4;30;8;;;;;;;;;;;
12,3611;0;0,247222222;0,03;12;10;12;50;12;;;;;;;;;;;
12,3611;0;0,247222222;0,04;8;30;12;30;12;;;;;;;;;;;
12,3611;0;0,247222222;0,04;8;50;12;30;12;;;;;;;;;;;
12,3611;0;0,247222222;0,04;12;50;4;50;4;;;;;;;;;;;
12,5;0;0,25;0,03;8;50;4;50;4;;;;;;;;;;;
12,5;0;0,25;0,04;8;10;8;50;4;;;;;;;;;;;
12,5;0;0,25;0,04;8;10;12;50;8;;;;;;;;;;;
12,5;0;0,25;0,04;12;30;4;50;4;;;;;;;;;;;
12,6389;0;0,252777778;0,02;12;10;12;30;12;;;;;;;;;;;
12,6389;0;0,252777778;0,02;8;30;8;30;12;;;;;;;;;;;
12,6389;0;0,252777778;0,02;8;50;8;30;12;;;;;;;;;;;
12,6389;0;0,252777778;0,03;8;30;4;50;4;;;;;;;;;;;
12,6389;0;0,252777778;0,03;8;30;8;30;12;;;;;;;;;;;
12,6389;0;0,252777778;0,03;8;50;8;30;12;;;;;;;;;;;
12,6389;0;0,252777778;0,04;12;50;4;50;8;;;;;;;;;;;
12,7778;0;0,255555556;0,03;12;10;12;30;12;;;;;;;;;;;
12,7778;0;0,255555556;0,04;8;10;12;30;4;;;;;;;;;;;
12,7778;0;0,255555556;0,04;12;30;4;50;8;;;;;;;;;;;
12,7778;0;0,255555556;0,04;8;50;8;30;12;;;;;;;;;;;
12,9167;0;0,258333333;0,04;8;10;8;50;8;;;;;;;;;;;
12,9167;0;0,258333333;0,04;12;10;12;50;12;;;;;;;;;;;
12,9167;0;0,258333333;0,04;8;30;8;30;12;;;;;;;;;;;
13,0556;0;0,261111111;0,02;12;10;8;50;12;;;;;;;;;;;
13,0556;0;0,261111111;0,02;4;30;12;50;4;;;;;;;;;;;
13,0556;0;0,261111111;0,02;4;50;8;50;4;;;;;;;;;;;
13,0556;0;0,261111111;0,02;4;50;12;50;4;;;;;;;;;;;
13,0556;0;0,261111111;0,03;8;50;4;50;8;;;;;;;;;;;
13,0556;0;0,261111111;0,04;12;10;12;30;12;;;;;;;;;;;
13,1944;0;0,263888889;0,02;4;30;8;50;4;;;;;;;;;;;
13,1944;0;0,263888889;0,03;12;10;8;50;12;;;;;;;;;;;
13,1944;0;0,263888889;0,03;8;30;4;50;8;;;;;;;;;;;
13,1944;0;0,263888889;0,03;12;30;4;30;8;;;;;;;;;;;
13,1944;0;0,263888889;0,03;12;50;4;30;8;;;;;;;;;;;
13,1944;0;0,263888889;0,04;8;10;8;30;4;;;;;;;;;;;
13,3333;0;0,266666667;0,04;12;10;8;50;12;;;;;;;;;;;
13,4722;0;0,269444444;0,02;8;10;4;50;4;;;;;;;;;;;
13,4722;0;0,269444444;0,02;4;30;8;30;4;;;;;;;;;;;
13,4722;0;0,269444444;0,02;4;30;12;30;4;;;;;;;;;;;
13,4722;0;0,269444444;0,02;4;50;8;30;4;;;;;;;;;;;
13,4722;0;0,269444444;0,02;4;50;12;30;4;;;;;;;;;;;
13,6111;0;0,272222222;0,02;8;30;4;30;8;;;;;;;;;;;
13,6111;0;0,272222222;0,02;8;50;4;30;8;;;;;;;;;;;
13,6111;0;0,272222222;0,04;8;10;12;30;8;;;;;;;;;;;
13,75;0;0,275;0,03;12;10;4;50;4;;;;;;;;;;;
13,8889;0;0,277777778;0,03;8;30;4;30;4;;;;;;;;;;;
13,8889;0;0,277777778;0,03;8;50;4;30;4;;;;;;;;;;;
13,8889;0;0,277777778;0,04;8;10;8;30;8;;;;;;;;;;;
14,0278;0;0,280555556;0,02;8;10;4;30;4;;;;;;;;;;;
14,0278;0;0,280555556;0,02;12;10;8;30;12;;;;;;;;;;;
14,0278;0;0,280555556;0,03;12;10;8;30;12;;;;;;;;;;;
14,0278;0;0,280555556;0,04;12;30;4;30;4;;;;;;;;;;;
14,0278;0;0,280555556;0,04;8;50;4;50;4;;;;;;;;;;;
14,0278;0;0,280555556;0,04;12;50;4;30;4;;;;;;;;;;;
14,1667;0;0,283333333;0,04;8;50;4;50;8;;;;;;;;;;;
14,3056;0;0,286111111;0,02;12;10;4;50;8;;;;;;;;;;;
14,3056;0;0,286111111;0,04;12;10;8;30;12;;;;;;;;;;;
14,3056;0;0,286111111;0,04;8;30;4;50;4;;;;;;;;;;;
14,3056;0;0,286111111;0,04;12;30;4;30;8;;;;;;;;;;;
14,3056;0;0,286111111;0,04;12;50;4;30;8;;;;;;;;;;;
14,4444;0;0,288888889;0,04;8;30;4;50;8;;;;;;;;;;;
14,8611;0;0,297222222;0,03;8;30;4;30;8;;;;;;;;;;;
14,8611;0;0,297222222;0,03;8;50;4;30;8;;;;;;;;;;;
15,1389;0;0,302777778;0,03;12;10;4;30;4;;;;;;;;;;;
15,1389;0;0,302777778;0,03;12;10;4;50;8;;;;;;;;;;;
15,4167;0;0,308333333;0,04;8;30;4;30;4;;;;;;;;;;;
15,4167;0;0,308333333;0,04;8;50;4;30;4;;;;;;;;;;;
15,6944;0;0,313888889;0,02;12;50;4;50;12;;;;;;;;;;;
15,6944;0;0,313888889;0,04;8;30;4;30;8;;;;;;;;;;;
15,6944;0;0,313888889;0,04;8;50;4;30;8;;;;;;;;;;;
15,8333;0;0,316666667;0,02;12;10;4;30;8;;;;;;;;;;;
15,8333;0;0,316666667;0,02;12;30;4;50;12;;;;;;;;;;;
15,9722;0;0,319444444;0,03;12;50;4;50;12;;;;;;;;;;;
16,1111;0;0,322222222;0,02;8;10;4;50;8;;;;;;;;;;;
16,1111;0;0,322222222;0,03;8;10;4;50;4;;;;;;;;;;;
16,25;0;0,325;0,03;12;30;4;50;12;;;;;;;;;;;
16,25;0;0,325;0,04;12;10;4;50;4;;;;;;;;;;;
16,3889;0;0,327777778;0,04;12;50;4;50;12;;;;;;;;;;;
16,5278;0;0,330555556;0,04;12;10;4;50;8;;;;;;;;;;;
16,5278;0;0,330555556;0,04;12;30;4;50;12;;;;;;;;;;;
16,8056;0;0,336111111;0,03;12;10;4;30;8;;;;;;;;;;;
17,2222;0;0,344444444;0,03;8;10;4;30;4;;;;;;;;;;;
17,3611;0;0,347222222;0,03;8;10;4;50;8;;;;;;;;;;;
17,3611;0;0,347222222;0,04;12;10;4;30;4;;;;;;;;;;;
17,5;0;0,35;0,02;4;10;12;50;4;;;;;;;;;;;
17,6389;0;0,352777778;0,02;4;10;8;50;4;;;;;;;;;;;
17,6389;0;0,352777778;0,02;4;10;12;30;4;;;;;;;;;;;
17,6389;0;0,352777778;0,02;8;10;12;30;12;;;;;;;;;;;
17,7778;0;0,355555556;0,02;8;10;4;30;8;;;;;;;;;;;
17,9167;0;0,358333333;0,02;8;10;12;50;12;;;;;;;;;;;
17,9167;0;0,358333333;0,02;4;30;4;50;4;;;;;;;;;;;
17,9167;0;0,358333333;0,02;4;50;4;50;4;;;;;;;;;;;
18,0556;0;0,361111111;0,02;12;30;12;10;4;;;;;;;;;;;
18,0556;0;0,361111111;0,02;12;50;4;30;12;;;;;;;;;;;
18,0556;0;0,361111111;0,02;12;50;12;10;4;;;;;;;;;;;
18,0556;0;0,361111111;0,03;8;10;12;30;12;;;;;;;;;;;
18,0556;0;0,361111111;0,04;12;10;4;30;8;;;;;;;;;;;
18,1944;0;0,363888889;0,02;12;30;4;30;12;;;;;;;;;;;
18,1944;0;0,363888889;0,03;8;10;12;50;12;;;;;;;;;;;
18,3333;0;0,366666667;0,02;4;10;8;30;4;;;;;;;;;;;
18,3333;0;0,366666667;0,02;8;10;8;50;12;;;;;;;;;;;
18,3333;0;0,366666667;0,02;4;30;4;30;4;;;;;;;;;;;
18,3333;0;0,366666667;0,02;4;50;4;30;4;;;;;;;;;;;
18,3333;0;0,366666667;0,04;8;10;12;50;12;;;;;;;;;;;
18,4722;0;0,369444444;0,02;8;50;4;50;12;;;;;;;;;;;
18,4722;0;0,369444444;0,03;8;10;8;50;12;;;;;;;;;;;
18,4722;0;0,369444444;0,03;12;30;4;30;12;;;;;;;;;;;
18,4722;0;0,369444444;0,03;12;50;4;30;12;;;;;;;;;;;
18,4722;0;0,369444444;0,04;8;10;12;30;12;;;;;;;;;;;
18,6111;0;0,372222222;0,03;4;30;12;30;4;;;;;;;;;;;
18,6111;0;0,372222222;0,03;4;50;12;30;4;;;;;;;;;;;
18,8889;0;0,377777778;0,02;4;30;12;50;8;;;;;;;;;;;
18,8889;0;0,377777778;0,02;8;30;4;50;12;;;;;;;;;;;
18,8889;0;0,377777778;0,02;4;50;12;50;8;;;;;;;;;;;
18,8889;0;0,377777778;0,03;8;10;4;30;8;;;;;;;;;;;
18,8889;0;0,377777778;0,03;4;30;12;50;4;;;;;;;;;;;
18,8889;0;0,377777778;0,03;4;50;12;50;4;;;;;;;;;;;
18,8889;0;0,377777778;0,04;8;10;8;50;12;;;;;;;;;;;
18,8889;0;0,377777778;0,04;12;30;4;30;12;;;;;;;;;;;
18,8889;0;0,377777778;0,04;12;50;4;30;12;;;;;;;;;;;
19,0278;0;0,380555556;0,02;8;10;8;30;12;;;;;;;;;;;
19,0278;0;0,380555556;0,02;12;10;12;10;4;;;;;;;;;;;
19,0278;0;0,380555556;0,02;4;50;8;50;8;;;;;;;;;;;
19,0278;0;0,380555556;0,03;8;50;4;50;12;;;;;;;;;;;
19,0278;0;0,380555556;0,04;8;50;4;50;12;;;;;;;;;;;
19,1667;0;0,383333333;0,02;4;30;8;50;8;;;;;;;;;;;
19,1667;0;0,383333333;0,03;8;10;8;30;12;;;;;;;;;;;
19,1667;0;0,383333333;0,03;4;30;8;30;4;;;;;;;;;;;
19,1667;0;0,383333333;0,03;4;30;8;50;4;;;;;;;;;;;
19,1667;0;0,383333333;0,03;4;50;8;30;4;;;;;;;;;;;
19,1667;0;0,383333333;0,03;4;50;8;50;4;;;;;;;;;;;
19,1667;0;0,383333333;0,04;8;10;4;50;4;;;;;;;;;;;
19,3056;0;0,386111111;0,03;8;30;4;50;12;;;;;;;;;;;
19,3056;0;0,386111111;0,04;8;30;4;50;12;;;;;;;;;;;
19,4444;0;0,388888889;0,02;4;30;12;30;8;;;;;;;;;;;
19,4444;0;0,388888889;0,02;4;50;12;30;8;;;;;;;;;;;
19,4444;0;0,388888889;0,04;8;10;8;30;12;;;;;;;;;;;
19,5833;0;0,391666667;0,02;12;30;8;10;4;;;;;;;;;;;
19,5833;0;0,391666667;0,02;12;50;8;10;4;;;;;;;;;;;
19,7222;0;0,394444444;0,04;8;10;4;50;8;;;;;;;;;;;
19,8611;0;0,397222222;0,02;8;30;12;10;4;;;;;;;;;;;
19,8611;0;0,397222222;0,02;8;50;12;10;4;;;;;;;;;;;
20,1389;0;0,402777778;0,02;4;30;8;30;8;;;;;;;;;;;
20,1389;0;0,402777778;0,02;4;50;8;30;8;;;;;;;;;;;
20,2778;0;0,405555556;0,02;12;10;8;10;4;;;;;;;;;;;
20,2778;0;0,405555556;0,02;8;30;4;30;12;;;;;;;;;;;
20,2778;0;0,405555556;0,02;8;50;4;30;12;;;;;;;;;;;
20,2778;0;0,405555556;0,04;8;10;4;30;4;;;;;;;;;;;
20,4167;0;0,408333333;0,03;4;30;12;50;8;;;;;;;;;;;
20,4167;0;0,408333333;0,03;4;50;12;50;8;;;;;;;;;;;
20,5556;0;0,411111111;0,02;8;10;12;10;4;;;;;;;;;;;
20,5556;0;0,411111111;0,03;8;30;4;30;12;;;;;;;;;;;
20,5556;0;0,411111111;0,03;8;50;4;30;12;;;;;;;;;;;
20,5556;0;0,411111111;0,04;8;30;4;30;12;;;;;;;;;;;
20,5556;0;0,411111111;0,04;8;50;4;30;12;;;;;;;;;;;
20,8333;0;0,416666667;0,03;4;30;8;50;8;;;;;;;;;;;
20,8333;0;0,416666667;0,03;4;30;12;30;8;;;;;;;;;;;
20,8333;0;0,416666667;0,03;4;50;8;50;8;;;;;;;;;;;
20,8333;0;0,416666667;0,03;4;50;12;30;8;;;;;;;;;;;
20,9722;0;0,419444444;0,03;12;30;12;10;4;;;;;;;;;;;
20,9722;0;0,419444444;0,03;12;50;12;10;4;;;;;;;;;;;
21,25;0;0,425;0,04;8;10;4;30;8;;;;;;;;;;;
21,3889;0;0,427777778;0,02;12;10;4;50;12;;;;;;;;;;;
21,3889;0;0,427777778;0,03;12;10;4;50;12;;;;;;;;;;;
21,3889;0;0,427777778;0,03;12;10;12;10;4;;;;;;;;;;;
21,5278;0;0,430555556;0,02;4;10;4;50;4;;;;;;;;;;;
21,5278;0;0,430555556;0,02;8;30;8;10;4;;;;;;;;;;;
21,5278;0;0,430555556;0,02;8;50;8;10;4;;;;;;;;;;;
21,6667;0;0,433333333;0,03;4;30;8;30;8;;;;;;;;;;;
21,6667;0;0,433333333;0,03;4;50;8;30;8;;;;;;;;;;;
21,6667;0;0,433333333;0,04;12;10;4;50;12;;;;;;;;;;;
21,6667;0;0,433333333;0,04;4;30;12;50;4;;;;;;;;;;;
21,6667;0;0,433333333;0,04;4;50;12;50;4;;;;;;;;;;;
21,9444;0;0,438888889;0,02;4;10;4;30;4;;;;;;;;;;;
21,9444;0;0,438888889;0,02;8;10;8;10;4;;;;;;;;;;;
22,2222;0;0,444444444;0,04;4;30;8;50;4;;;;;;;;;;;
22,2222;0;0,444444444;0,04;4;30;12;30;4;;;;;;;;;;;
22,2222;0;0,444444444;0,04;4;50;8;50;4;;;;;;;;;;;
22,2222;0;0,444444444;0,04;4;50;12;30;4;;;;;;;;;;;
22,5;0;0,45;0,03;8;30;12;10;4;;;;;;;;;;;
22,5;0;0,45;0,03;8;50;12;10;4;;;;;;;;;;;
22,5;0;0,45;0,04;4;30;12;50;8;;;;;;;;;;;
22,5;0;0,45;0,04;4;50;12;50;8;;;;;;;;;;;
22,6389;0;0,452777778;0,02;12;10;4;30;12;;;;;;;;;;;
22,6389;0;0,452777778;0,03;4;10;12;50;4;;;;;;;;;;;
22,7778;0;0,455555556;0,03;4;10;12;30;4;;;;;;;;;;;
22,7778;0;0,455555556;0,03;12;10;4;30;12;;;;;;;;;;;
22,7778;0;0,455555556;0,04;4;30;8;30;4;;;;;;;;;;;
22,7778;0;0,455555556;0,04;4;50;8;30;4;;;;;;;;;;;
22,9167;0;0,458333333;0,02;12;30;12;10;8;;;;;;;;;;;
22,9167;0;0,458333333;0,02;12;50;12;10;8;;;;;;;;;;;
22,9167;0;0,458333333;0,03;4;10;8;50;4;;;;;;;;;;;
22,9167;0;0,458333333;0,03;8;10;12;10;4;;;;;;;;;;;
22,9167;0;0,458333333;0,03;4;30;4;50;4;;;;;;;;;;;
22,9167;0;0,458333333;0,03;4;50;4;50;4;;;;;;;;;;;
23,0556;0;0,461111111;0,04;12;10;4;30;12;;;;;;;;;;;
23,0556;0;0,461111111;0,04;4;30;8;50;8;;;;;;;;;;;
23,0556;0;0,461111111;0,04;4;50;8;50;8;;;;;;;;;;;
23,1944;0;0,463888889;0,03;4;10;8;30;4;;;;;;;;;;;
23,1944;0;0,463888889;0,03;12;10;8;10;4;;;;;;;;;;;
23,1944;0;0,463888889;0,03;12;30;8;10;4;;;;;;;;;;;
23,1944;0;0,463888889;0,03;12;50;8;10;4;;;;;;;;;;;
23,1944;0;0,463888889;0,04;4;30;12;30;8;;;;;;;;;;;
23,1944;0;0,463888889;0,04;4;50;12;30;8;;;;;;;;;;;
23,4722;0;0,469444444;0,02;12;10;12;10;8;;;;;;;;;;;
23,4722;0;0,469444444;0,03;4;30;4;30;4;;;;;;;;;;;
23,4722;0;0,469444444;0,03;4;50;4;30;4;;;;;;;;;;;
23,8889;0;0,477777778;0,02;4;10;12;50;8;;;;;;;;;;;
23,8889;0;0,477777778;0,02;4;50;4;50;8;;;;;;;;;;;
23,8889;0;0,477777778;0,03;12;30;12;10;8;;;;;;;;;;;
23,8889;0;0,477777778;0,03;12;50;12;10;8;;;;;;;;;;;
23,8889;0;0,477777778;0,04;4;30;8;30;8;;;;;;;;;;;
23,8889;0;0,477777778;0,04;4;50;8;30;8;;;;;;;;;;;
24,1667;0;0,483333333;0,02;4;10;8;50;8;;;;;;;;;;;
24,1667;0;0,483333333;0,02;4;10;12;30;8;;;;;;;;;;;
24,1667;0;0,483333333;0,02;4;30;4;50;8;;;;;;;;;;;
24,1667;0;0,483333333;0,03;8;30;8;10;4;;;;;;;;;;;
24,1667;0;0,483333333;0,03;8;50;8;10;4;;;;;;;;;;;
24,3056;0;0,486111111;0,03;8;10;8;10;4;;;;;;;;;;;
24,3056;0;0,486111111;0,03;12;10;12;10;8;;;;;;;;;;;
24,3056;0;0,486111111;0,04;12;30;12;10;4;;;;;;;;;;;
24,3056;0;0,486111111;0,04;12;50;12;10;4;;;;;;;;;;;
24,4444;0;0,488888889;0,02;12;30;4;10;4;;;;;;;;;;;
24,4444;0;0,488888889;0,02;12;50;4;10;4;;;;;;;;;;;
24,5833;0;0,491666667;0,02;4;30;4;30;8;;;;;;;;;;;
24,5833;0;0,491666667;0,02;4;50;4;30;8;;;;;;;;;;;
24,5833;0;0,491666667;0,03;4;10;12;50;8;;;;;;;;;;;
24,7222;0;0,494444444;0,02;4;10;8;30;8;;;;;;;;;;;
24,7222;0;0,494444444;0,02;12;10;4;10;4;;;;;;;;;;;
24,7222;0;0,494444444;0,04;12;10;12;10;4;;;;;;;;;;;
24,8611;0;0,497222222;0,02;8;30;4;10;4;;;;;;;;;;;
24,8611;0;0,497222222;0,02;12;30;8;10;8;;;;;;;;;;;
24,8611;0;0,497222222;0,02;8;50;4;10;4;;;;;;;;;;;
24,8611;0;0,497222222;0,02;12;50;8;10;8;;;;;;;;;;;
25;0;0,5;0,02;8;30;12;10;8;;;;;;;;;;;
25;0;0,5;0,02;8;50;12;10;8;;;;;;;;;;;
25;0;0,5;0,03;4;10;8;50;8;;;;;;;;;;;
25;0;0,5;0,03;4;10;12;30;8;;;;;;;;;;;
25,1389;0;0,502777778;0,02;12;10;8;10;8;;;;;;;;;;;
25,1389;0;0,502777778;0,03;4;50;4;50;8;;;;;;;;;;;
25,2778;0;0,505555556;0,02;8;10;4;10;4;;;;;;;;;;;
25,2778;0;0,505555556;0,03;4;30;4;50;8;;;;;;;;;;;
25,2778;0;0,505555556;0,04;4;30;4;50;4;;;;;;;;;;;
25,2778;0;0,505555556;0,04;4;50;4;50;4;;;;;;;;;;;
25,4167;0;0,508333333;0,02;8;10;12;10;8;;;;;;;;;;;
25,4167;0;0,508333333;0,03;4;10;4;50;4;;;;;;;;;;;
25,4167;0;0,508333333;0,03;4;10;8;30;8;;;;;;;;;;;
25,4167;0;0,508333333;0,03;8;30;12;10;8;;;;;;;;;;;
25,4167;0;0,508333333;0,03;8;50;12;10;8;;;;;;;;;;;
25,4167;0;0,508333333;0,04;4;10;12;50;4;;;;;;;;;;;
25,4167;0;0,508333333;0,04;8;30;12;10;4;;;;;;;;;;;
25,4167;0;0,508333333;0,04;8;50;12;10;4;;;;;;;;;;;
25,5556;0;0,511111111;0,02;8;10;4;50;12;;;;;;;;;;;
25,5556;0;0,511111111;0,04;4;10;8;50;4;;;;;;;;;;;
25,5556;0;0,511111111;0,04;12;10;8;10;4;;;;;;;;;;;
25,5556;0;0,511111111;0,04;12;30;8;10;4;;;;;;;;;;;
25,5556;0;0,511111111;0,04;12;50;8;10;4;;;;;;;;;;;
25,6944;0;0,513888889;0,03;8;10;4;50;12;;;;;;;;;;;
25,6944;0;0,513888889;0,03;12;30;8;10;8;;;;;;;;;;;
25,6944;0;0,513888889;0,03;12;50;8;10;8;;;;;;;;;;;
25,6944;0;0,513888889;0,04;12;30;12;10;8;;;;;;;;;;;
25,6944;0;0,513888889;0,04;12;50;12;10;8;;;;;;;;;;;
25,8333;0;0,516666667;0,03;8;10;12;10;8;;;;;;;;;;;
25,8333;0;0,516666667;0,03;12;10;8;10;8;;;;;;;;;;;
25,8333;0;0,516666667;0,03;4;30;4;30;8;;;;;;;;;;;
25,8333;0;0,516666667;0,03;4;50;4;30;8;;;;;;;;;;;
25,8333;0;0,516666667;0,04;8;10;4;50;12;;;;;;;;;;;
25,8333;0;0,516666667;0,04;8;10;12;10;4;;;;;;;;;;;
25,8333;0;0,516666667;0,04;8;30;8;10;4;;;;;;;;;;;
25,8333;0;0,516666667;0,04;8;50;8;10;4;;;;;;;;;;;
25,9722;0;0,519444444;0,02;8;30;8;10;8;;;;;;;;;;;
25,9722;0;0,519444444;0,02;8;50;8;10;8;;;;;;;;;;;
25,9722;0;0,519444444;0,04;12;10;12;10;8;;;;;;;;;;;
26,1111;0;0,522222222;0,03;4;10;4;30;4;;;;;;;;;;;
26,1111;0;0,522222222;0,04;4;10;8;30;4;;;;;;;;;;;
26,1111;0;0,522222222;0,04;8;10;8;10;4;;;;;;;;;;;
26,1111;0;0,522222222;0,04;4;30;4;30;4;;;;;;;;;;;
26,1111;0;0,522222222;0,04;4;50;4;30;4;;;;;;;;;;;
26,25;0;0,525;0,02;8;10;4;30;12;;;;;;;;;;;
26,25;0;0,525;0,02;8;10;8;10;8;;;;;;;;;;;
26,25;0;0,525;0,03;8;10;4;30;12;;;;;;;;;;;
26,3889;0;0,527777778;0,03;8;30;8;10;8;;;;;;;;;;;
26,3889;0;0,527777778;0,03;8;50;8;10;8;;;;;;;;;;;
26,3889;0;0,527777778;0,04;4;10;12;50;8;;;;;;;;;;;
26,3889;0;0,527777778;0,04;8;10;4;30;12;;;;;;;;;;;
26,5278;0;0,530555556;0,04;4;10;12;30;4;;;;;;;;;;;
26,5278;0;0,530555556;0,04;4;50;4;50;8;;;;;;;;;;;
26,6667;0;0,533333333;0,03;8;10;8;10;8;;;;;;;;;;;
26,6667;0;0,533333333;0,04;4;10;8;50;8;;;;;;;;;;;
26,6667;0;0,533333333;0,04;4;30;4;50;8;;;;;;;;;;;
26,6667;0;0,533333333;0,04;8;30;12;10;8;;;;;;;;;;;
26,6667;0;0,533333333;0,04;8;50;12;10;8;;;;;;;;;;;
26,8056;0;0,536111111;0,04;4;10;8;30;8;;;;;;;;;;;
26,8056;0;0,536111111;0,04;12;10;8;10;8;;;;;;;;;;;
26,8056;0;0,536111111;0,04;12;30;8;10;8;;;;;;;;;;;
26,8056;0;0,536111111;0,04;12;50;8;10;8;;;;;;;;;;;
26,9444;0;0,538888889;0,04;4;10;12;30;8;;;;;;;;;;;
26,9444;0;0,538888889;0,04;8;10;12;10;8;;;;;;;;;;;
26,9444;0;0,538888889;0,04;8;30;8;10;8;;;;;;;;;;;
26,9444;0;0,538888889;0,04;8;50;8;10;8;;;;;;;;;;;
27,0833;0;0,541666667;0,02;4;10;4;50;8;;;;;;;;;;;
27,2222;0;0,544444444;0,03;12;30;4;10;4;;;;;;;;;;;
27,2222;0;0,544444444;0,03;12;50;4;10;4;;;;;;;;;;;
27,2222;0;0,544444444;0,04;8;10;8;10;8;;;;;;;;;;;
27,3611;0;0,547222222;0,02;4;30;12;10;4;;;;;;;;;;;
27,3611;0;0,547222222;0,02;4;50;12;10;4;;;;;;;;;;;
27,3611;0;0,547222222;0,04;4;30;4;30;8;;;;;;;;;;;
27,3611;0;0,547222222;0,04;4;50;4;30;8;;;;;;;;;;;
27,5;0;0,55;0,03;4;10;4;50;8;;;;;;;;;;;
27,6389;0;0,552777778;0,02;4;10;4;30;8;;;;;;;;;;;
27,6389;0;0,552777778;0,02;4;30;8;10;4;;;;;;;;;;;
27,6389;0;0,552777778;0,02;4;50;8;10;4;;;;;;;;;;;
27,6389;0;0,552777778;0,03;12;10;4;10;4;;;;;;;;;;;
27,7778;0;0,555555556;0,02;4;10;12;10;4;;;;;;;;;;;
28,0556;0;0,561111111;0,02;4;10;8;10;4;;;;;;;;;;;
28,0556;0;0,561111111;0,03;4;10;4;30;8;;;;;;;;;;;
28,1944;0;0,563888889;0,03;8;30;4;10;4;;;;;;;;;;;
28,1944;0;0,563888889;0,03;8;50;4;10;4;;;;;;;;;;;
28,3333;0;0,566666667;0,03;8;10;4;10;4;;;;;;;;;;;
28,3333;0;0,566666667;0,04;4;10;4;50;4;;;;;;;;;;;
28,4722;0;0,569444444;0,04;4;10;4;30;4;;;;;;;;;;;
29,0278;0;0,580555556;0,04;4;10;4;50;8;;;;;;;;;;;
29,1667;0;0,583333333;0,04;4;10;4;30;8;;;;;;;;;;;
29,1667;0;0,583333333;0,04;12;30;4;10;4;;;;;;;;;;;
29,1667;0;0,583333333;0,04;12;50;4;10;4;;;;;;;;;;;
29,3056;0;0,586111111;0,02;4;30;4;10;4;;;;;;;;;;;
29,3056;0;0,586111111;0,02;12;30;4;10;8;;;;;;;;;;;
29,3056;0;0,586111111;0,02;4;50;4;10;4;;;;;;;;;;;
29,3056;0;0,586111111;0,02;4;50;12;50;12;;;;;;;;;;;
29,3056;0;0,586111111;0,02;12;50;4;10;8;;;;;;;;;;;
29,3056;0;0,586111111;0,03;12;30;4;10;8;;;;;;;;;;;
29,3056;0;0,586111111;0,03;4;50;12;50;12;;;;;;;;;;;
29,3056;0;0,586111111;0,03;12;50;4;10;8;;;;;;;;;;;
29,3056;0;0,586111111;0,04;12;10;4;10;4;;;;;;;;;;;
29,4444;0;0,588888889;0,02;4;10;4;10;4;;;;;;;;;;;
29,4444;0;0,588888889;0,02;12;10;4;10;8;;;;;;;;;;;
29,4444;0;0,588888889;0,02;4;50;8;50;12;;;;;;;;;;;
29,4444;0;0,588888889;0,03;12;10;4;10;8;;;;;;;;;;;
29,4444;0;0,588888889;0,03;4;50;8;50;12;;;;;;;;;;;
29,4444;0;0,588888889;0,04;4;50;12;50;12;;;;;;;;;;;
29,5833;0;0,591666667;0,02;4;30;12;50;12;;;;;;;;;;;
29,5833;0;0,591666667;0,03;4;30;12;50;12;;;;;;;;;;;
29,5833;0;0,591666667;0,04;4;50;8;50;12;;;;;;;;;;;
29,7222;0;0,594444444;0,02;4;30;8;50;12;;;;;;;;;;;
29,7222;0;0,594444444;0,02;8;30;4;10;8;;;;;;;;;;;
29,7222;0;0,594444444;0,02;8;50;4;10;8;;;;;;;;;;;
29,7222;0;0,594444444;0,03;4;30;8;50;12;;;;;;;;;;;
29,7222;0;0,594444444;0,04;4;30;12;50;12;;;;;;;;;;;
29,7222;0;0,594444444;0,04;8;30;4;10;4;;;;;;;;;;;
29,7222;0;0,594444444;0,04;8;50;4;10;4;;;;;;;;;;;
29,8611;0;0,597222222;0,02;8;10;4;10;8;;;;;;;;;;;
29,8611;0;0,597222222;0,04;8;10;4;10;4;;;;;;;;;;;
29,8611;0;0,597222222;0,04;4;30;8;50;12;;;;;;;;;;;
30;0;0,6;0,02;4;30;12;30;12;;;;;;;;;;;
30;0;0,6;0,02;12;30;12;10;12;;;;;;;;;;;
30;0;0,6;0,02;4;50;12;30;12;;;;;;;;;;;
30;0;0,6;0,02;12;50;12;10;12;;;;;;;;;;;
30;0;0,6;0,03;4;30;12;30;12;;;;;;;;;;;
30;0;0,6;0,03;12;30;12;10;12;;;;;;;;;;;
30;0;0,6;0,03;4;50;12;30;12;;;;;;;;;;;
30;0;0,6;0,03;12;50;12;10;12;;;;;;;;;;;
30,1389;0;0,602777778;0,02;12;10;12;10;12;;;;;;;;;;;
30,1389;0;0,602777778;0,03;12;10;12;10;12;;;;;;;;;;;
30,1389;0;0,602777778;0,03;8;30;4;10;8;;;;;;;;;;;
30,1389;0;0,602777778;0,03;8;50;4;10;8;;;;;;;;;;;
30,1389;0;0,602777778;0,04;4;30;12;30;12;;;;;;;;;;;
30,1389;0;0,602777778;0,04;12;30;12;10;12;;;;;;;;;;;
30,1389;0;0,602777778;0,04;4;50;12;30;12;;;;;;;;;;;
30,1389;0;0,602777778;0,04;12;50;12;10;12;;;;;;;;;;;
30,2778;0;0,605555556;0,03;8;10;4;10;8;;;;;;;;;;;
30,2778;0;0,605555556;0,03;4;30;8;10;4;;;;;;;;;;;
30,2778;0;0,605555556;0,03;4;30;12;10;4;;;;;;;;;;;
30,2778;0;0,605555556;0,03;4;50;8;10;4;;;;;;;;;;;
30,2778;0;0,605555556;0,03;4;50;12;10;4;;;;;;;;;;;
30,2778;0;0,605555556;0,04;12;10;12;10;12;;;;;;;;;;;
30,2778;0;0,605555556;0,04;12;30;4;10;8;;;;;;;;;;;
30,2778;0;0,605555556;0,04;12;50;4;10;8;;;;;;;;;;;
30,4167;0;0,608333333;0,02;4;30;8;30;12;;;;;;;;;;;
30,4167;0;0,608333333;0,02;4;50;8;30;12;;;;;;;;;;;
30,4167;0;0,608333333;0,03;4;10;8;10;4;;;;;;;;;;;
30,4167;0;0,608333333;0,03;4;10;12;10;4;;;;;;;;;;;
30,4167;0;0,608333333;0,03;4;30;8;30;12;;;;;;;;;;;
30,4167;0;0,608333333;0,03;4;50;8;30;12;;;;;;;;;;;
30,4167;0;0,608333333;0,04;12;10;4;10;8;;;;;;;;;;;
30,6944;0;0,613888889;0,04;4;30;8;30;12;;;;;;;;;;;
30,6944;0;0,613888889;0,04;8;30;4;10;8;;;;;;;;;;;
30,6944;0;0,613888889;0,04;4;50;8;30;12;;;;;;;;;;;
30,6944;0;0,613888889;0,04;8;50;4;10;8;;;;;;;;;;;
30,8333;0;0,616666667;0,02;12;30;8;10;12;;;;;;;;;;;
30,8333;0;0,616666667;0,02;12;50;8;10;12;;;;;;;;;;;
30,8333;0;0,616666667;0,03;12;30;8;10;12;;;;;;;;;;;
30,8333;0;0,616666667;0,03;12;50;8;10;12;;;;;;;;;;;
30,8333;0;0,616666667;0,04;8;10;4;10;8;;;;;;;;;;;
30,8333;0;0,616666667;0,04;12;30;8;10;12;;;;;;;;;;;
30,8333;0;0,616666667;0,04;12;50;8;10;12;;;;;;;;;;;
31,1111;0;0,622222222;0,02;12;10;8;10;12;;;;;;;;;;;
31,1111;0;0,622222222;0,03;12;10;8;10;12;;;;;;;;;;;
31,1111;0;0,622222222;0,04;12;10;8;10;12;;;;;;;;;;;
31,3889;0;0,627777778;0,02;4;50;4;50;12;;;;;;;;;;;
31,5278;0;0,630555556;0,02;4;30;4;50;12;;;;;;;;;;;
31,5278;0;0,630555556;0,02;8;30;12;10;12;;;;;;;;;;;
31,5278;0;0,630555556;0,02;8;50;12;10;12;;;;;;;;;;;
31,5278;0;0,630555556;0,03;8;30;12;10;12;;;;;;;;;;;
31,5278;0;0,630555556;0,03;4;50;4;50;12;;;;;;;;;;;
31,5278;0;0,630555556;0,03;8;50;12;10;12;;;;;;;;;;;
31,5278;0;0,630555556;0,04;8;30;12;10;12;;;;;;;;;;;
31,5278;0;0,630555556;0,04;8;50;12;10;12;;;;;;;;;;;
31,6667;0;0,633333333;0,03;4;30;4;50;12;;;;;;;;;;;
31,6667;0;0,633333333;0,04;4;50;4;50;12;;;;;;;;;;;
31,8056;0;0,636111111;0,02;8;10;12;10;12;;;;;;;;;;;
31,8056;0;0,636111111;0,03;4;10;4;10;4;;;;;;;;;;;
31,8056;0;0,636111111;0,03;8;10;12;10;12;;;;;;;;;;;
31,8056;0;0,636111111;0,03;4;30;4;10;4;;;;;;;;;;;
31,8056;0;0,636111111;0,03;4;50;4;10;4;;;;;;;;;;;
31,8056;0;0,636111111;0,04;8;10;12;10;12;;;;;;;;;;;
31,8056;0;0,636111111;0,04;4;30;4;50;12;;;;;;;;;;;
31,9444;0;0,638888889;0,02;8;30;8;10;12;;;;;;;;;;;
31,9444;0;0,638888889;0,02;8;50;8;10;12;;;;;;;;;;;
31,9444;0;0,638888889;0,03;8;30;8;10;12;;;;;;;;;;;
31,9444;0;0,638888889;0,03;8;50;8;10;12;;;;;;;;;;;
31,9444;0;0,638888889;0,04;8;30;8;10;12;;;;;;;;;;;
31,9444;0;0,638888889;0,04;8;50;8;10;12;;;;;;;;;;;
32,0833;0;0,641666667;0,02;4;30;4;30;12;;;;;;;;;;;
32,0833;0;0,641666667;0,02;4;30;12;10;8;;;;;;;;;;;
32,0833;0;0,641666667;0,02;4;50;4;30;12;;;;;;;;;;;
32,0833;0;0,641666667;0,02;4;50;12;10;8;;;;;;;;;;;
32,2222;0;0,644444444;0,02;4;10;12;10;8;;;;;;;;;;;
32,3611;0;0,647222222;0,02;4;30;8;10;8;;;;;;;;;;;
32,3611;0;0,647222222;0,02;4;50;8;10;8;;;;;;;;;;;
32,3611;0;0,647222222;0,03;4;30;4;30;12;;;;;;;;;;;
32,3611;0;0,647222222;0,03;4;30;12;10;8;;;;;;;;;;;
32,3611;0;0,647222222;0,03;4;50;4;30;12;;;;;;;;;;;
32,3611;0;0,647222222;0,03;4;50;12;10;8;;;;;;;;;;;
32,5;0;0,65;0,02;4;10;8;10;8;;;;;;;;;;;
32,5;0;0,65;0,02;4;10;12;50;12;;;;;;;;;;;
32,5;0;0,65;0,02;8;10;8;10;12;;;;;;;;;;;
32,5;0;0,65;0,03;4;10;12;10;8;;;;;;;;;;;
32,5;0;0,65;0,03;4;10;12;50;12;;;;;;;;;;;
32,5;0;0,65;0,03;8;10;8;10;12;;;;;;;;;;;
32,5;0;0,65;0,03;4;30;8;10;8;;;;;;;;;;;
32,5;0;0,65;0,03;4;50;8;10;8;;;;;;;;;;;
32,5;0;0,65;0,04;8;10;8;10;12;;;;;;;;;;;
32,5;0;0,65;0,04;4;30;4;30;12;;;;;;;;;;;
32,5;0;0,65;0,04;4;30;12;10;4;;;;;;;;;;;
32,5;0;0,65;0,04;4;50;4;30;12;;;;;;;;;;;
32,5;0;0,65;0,04;4;50;12;10;4;;;;;;;;;;;
32,6389;0;0,652777778;0,03;4;10;8;10;8;;;;;;;;;;;
32,6389;0;0,652777778;0,04;4;30;8;10;4;;;;;;;;;;;
32,6389;0;0,652777778;0,04;4;50;8;10;4;;;;;;;;;;;
32,7778;0;0,655555556;0,02;4;10;8;50;12;;;;;;;;;;;
32,7778;0;0,655555556;0,03;4;10;8;50;12;;;;;;;;;;;
32,7778;0;0,655555556;0,04;4;10;8;50;12;;;;;;;;;;;
32,7778;0;0,655555556;0,04;4;10;12;50;12;;;;;;;;;;;
32,9167;0;0,658333333;0,02;4;10;12;30;12;;;;;;;;;;;
32,9167;0;0,658333333;0,03;4;10;12;30;12;;;;;;;;;;;
32,9167;0;0,658333333;0,04;4;10;12;10;4;;;;;;;;;;;
32,9167;0;0,658333333;0,04;4;30;12;10;8;;;;;;;;;;;
32,9167;0;0,658333333;0,04;4;50;12;10;8;;;;;;;;;;;
33,0556;0;0,661111111;0,04;4;10;8;10;4;;;;;;;;;;;
33,0556;0;0,661111111;0,04;4;10;12;30;12;;;;;;;;;;;
33,0556;0;0,661111111;0,04;4;30;8;10;8;;;;;;;;;;;
33,0556;0;0,661111111;0,04;4;50;8;10;8;;;;;;;;;;;
33,1944;0;0,663888889;0,02;4;10;8;30;12;;;;;;;;;;;
33,1944;0;0,663888889;0,03;4;10;8;30;12;;;;;;;;;;;
33,1944;0;0,663888889;0,04;4;10;8;30;12;;;;;;;;;;;
33,3333;0;0,666666667;0,04;4;10;12;10;8;;;;;;;;;;;
33,4722;0;0,669444444;0,04;4;10;8;10;8;;;;;;;;;;;
33,8889;0;0,677777778;0,02;4;30;4;10;8;;;;;;;;;;;
33,8889;0;0,677777778;0,02;4;50;4;10;8;;;;;;;;;;;
33,8889;0;0,677777778;0,04;4;30;4;10;4;;;;;;;;;;;
33,8889;0;0,677777778;0,04;4;50;4;10;4;;;;;;;;;;;
34,0278;0;0,680555556;0,03;4;30;4;10;8;;;;;;;;;;;
34,0278;0;0,680555556;0,03;4;50;4;10;8;;;;;;;;;;;
34,1667;0;0,683333333;0,02;4;10;4;10;8;;;;;;;;;;;
34,1667;0;0,683333333;0,04;4;10;4;10;4;;;;;;;;;;;
34,3056;0;0,686111111;0,02;4;10;4;30;12;;;;;;;;;;;
34,3056;0;0,686111111;0,02;4;10;4;50;12;;;;;;;;;;;
34,3056;0;0,686111111;0,02;12;30;4;10;12;;;;;;;;;;;
34,3056;0;0,686111111;0,02;12;50;4;10;12;;;;;;;;;;;
34,3056;0;0,686111111;0,03;4;10;4;10;8;;;;;;;;;;;
34,3056;0;0,686111111;0,03;4;10;4;30;12;;;;;;;;;;;
34,3056;0;0,686111111;0,03;4;10;4;50;12;;;;;;;;;;;
34,3056;0;0,686111111;0,03;12;30;4;10;12;;;;;;;;;;;
34,3056;0;0,686111111;0,03;12;50;4;10;12;;;;;;;;;;;
34,3056;0;0,686111111;0,04;4;30;4;10;8;;;;;;;;;;;
34,3056;0;0,686111111;0,04;12;30;4;10;12;;;;;;;;;;;
34,3056;0;0,686111111;0,04;4;50;4;10;8;;;;;;;;;;;
34,3056;0;0,686111111;0,04;12;50;4;10;12;;;;;;;;;;;
34,4444;0;0,688888889;0,02;12;10;4;10;12;;;;;;;;;;;
34,4444;0;0,688888889;0,02;8;30;4;10;12;;;;;;;;;;;
34,4444;0;0,688888889;0,02;8;50;4;10;12;;;;;;;;;;;
34,4444;0;0,688888889;0,03;12;10;4;10;12;;;;;;;;;;;
34,4444;0;0,688888889;0,03;8;30;4;10;12;;;;;;;;;;;
34,4444;0;0,688888889;0,03;8;50;4;10;12;;;;;;;;;;;
34,4444;0;0,688888889;0,04;4;10;4;30;12;;;;;;;;;;;
34,4444;0;0,688888889;0,04;4;10;4;50;12;;;;;;;;;;;
34,4444;0;0,688888889;0,04;12;10;4;10;12;;;;;;;;;;;
34,4444;0;0,688888889;0,04;8;30;4;10;12;;;;;;;;;;;
34,4444;0;0,688888889;0,04;8;50;4;10;12;;;;;;;;;;;
34,7222;0;0,694444444;0,04;4;10;4;10;8;;;;;;;;;;;
34,8611;0;0,697222222;0,02;8;10;4;10;12;;;;;;;;;;;
34,8611;0;0,697222222;0,03;8;10;4;10;12;;;;;;;;;;;
34,8611;0;0,697222222;0,04;8;10;4;10;12;;;;;;;;;;;
36,3889;0;0,727777778;0,02;4;10;8;10;12;;;;;;;;;;;
36,3889;0;0,727777778;0,02;4;10;12;10;12;;;;;;;;;;;
36,3889;0;0,727777778;0,02;4;30;8;10;12;;;;;;;;;;;
36,3889;0;0,727777778;0,02;4;30;12;10;12;;;;;;;;;;;
36,3889;0;0,727777778;0,02;4;50;8;10;12;;;;;;;;;;;
36,3889;0;0,727777778;0,02;4;50;12;10;12;;;;;;;;;;;
36,3889;0;0,727777778;0,03;4;10;8;10;12;;;;;;;;;;;
36,3889;0;0,727777778;0,03;4;10;12;10;12;;;;;;;;;;;
36,3889;0;0,727777778;0,03;4;30;8;10;12;;;;;;;;;;;
36,3889;0;0,727777778;0,03;4;30;12;10;12;;;;;;;;;;;
36,3889;0;0,727777778;0,03;4;50;8;10;12;;;;;;;;;;;
36,3889;0;0,727777778;0,03;4;50;12;10;12;;;;;;;;;;;
36,3889;0;0,727777778;0,04;4;10;8;10;12;;;;;;;;;;;
36,3889;0;0,727777778;0,04;4;10;12;10;12;;;;;;;;;;;
36,3889;0;0,727777778;0,04;4;30;8;10;12;;;;;;;;;;;
36,3889;0;0,727777778;0,04;4;30;12;10;12;;;;;;;;;;;
36,3889;0;0,727777778;0,04;4;50;8;10;12;;;;;;;;;;;
36,3889;0;0,727777778;0,04;4;50;12;10;12;;;;;;;;;;;
36,6667;0;0,733333333;0,02;4;10;4;10;12;;;;;;;;;;;
36,6667;0;0,733333333;0,02;4;30;4;10;12;;;;;;;;;;;
36,6667;0;0,733333333;0,02;4;50;4;10;12;;;;;;;;;;;
36,6667;0;0,733333333;0,03;4;10;4;10;12;;;;;;;;;;;
36,6667;0;0,733333333;0,03;4;30;4;10;12;;;;;;;;;;;
36,6667;0;0,733333333;0,03;4;50;4;10;12;;;;;;;;;;;
36,6667;0;0,733333333;0,04;4;10;4;10;12;;;;;;;;;;;
36,6667;0;0,733333333;0,04;4;30;4;10;12;;;;;;;;;;;
36,6667;0;0,733333333;0,04;4;50;4;10;12;;;;;;;;;;;
4,5833;0,002777778;0,088888889;0,02;12;30;12;50;8;;;;;;;;;;;
4,7222;0,002777778;0,091666667;0,02;8;50;12;50;4;;;;;;;;;;;
4,8611;0,002777778;0,094444444;0,02;8;30;12;50;4;;;;;;;;;;;
4,8611;0,002777778;0,094444444;0,02;12;30;8;50;8;;;;;;;;;;;
4,8611;0,002777778;0,094444444;0,02;12;50;8;50;8;;;;;;;;;;;
4,8611;0,002777778;0,094444444;0,02;12;50;12;30;8;;;;;;;;;;;
5;0,002777778;0,097222222;0,03;12;30;12;30;4;;;;;;;;;;;
5,1389;0,002777778;0,1;0,03;12;50;8;50;4;;;;;;;;;;;
5,5556;0,002777778;0,108333333;0,03;12;50;12;30;8;;;;;;;;;;;
5,6944;0,002777778;0,111111111;0,02;12;10;12;30;4;;;;;;;;;;;
5,6944;0,002777778;0,111111111;0,03;12;50;8;50;8;;;;;;;;;;;
6,6667;0,002777778;0,130555556;0,02;12;10;8;50;4;;;;;;;;;;;
4,5833;0,005555556;0,086111111;0,02;12;50;12;50;8;;;;;;;;;;;
4,8611;0,005555556;0,091666667;0,03;12;30;12;50;4;;;;;;;;;;;
5;0,005555556;0,094444444;0,03;12;50;12;50;8;;;;;;;;;;;
5,1389;0,005555556;0,097222222;0,03;12;50;12;30;4;;;;;;;;;;;
5,5556;0,005555556;0,105555556;0,02;12;10;12;50;4;;;;;;;;;;;
4,3056;0,008333333;0,077777778;0,02;12;30;12;30;4;;;;;;;;;;;
4,4444;0,011111111;0,077777778;0,02;12;50;12;30;4;;;;;;;;;;;
4,8611;0,011111111;0,086111111;0,03;12;50;12;50;4;;;;;;;;;;;
4,5833;0,013888889;0,077777778;0,02;12;30;8;50;4;;;;;;;;;;;
4,7222;0,016666667;0,077777778;0,02;12;50;8;50;4;;;;;;;;;;;
5,2778;0,038888889;0,066666667;0,02;12;30;12;50;4;;;;;;;;;;;
5,5556;0,044444444;0,066666667;0,02;12;50;12;50;4;;;;;;;;;;;
Matches;total;524880;;;;;;;;;;;;;;;;;
381;;;;;;;;;;;;;;;;;;;
